complaint_id,complaint_text,category,priority,location,ward_number,timestamp,department,status,citizen_language,has_image,duplicate_flag,clean_text
C0001,Water leakage near Sainthamaruthu 12 school flooding the pavement,Water,Medium,Sainthamaruthu 12,20,7/26/2026 14:00,National Water Supply & Drainage Board,Pending,English,No,False,water leakage near sainthamaruthu  school flooding the pavement
C0002,Water main valve leaking near Kalmunaikudi 06 intersection,Water,High,Kalmunaikudi 06,14,6/24/2026 11:00,National Water Supply & Drainage Board,Pending,English,Yes,False,water main valve leaking near kalmunaikudi  intersection
C0003,Electric meter box left open near Kalmunaikudi 05,Electrical,Low,Kalmunaikudi 05,14,7/18/2026 05:00,Street Lighting Unit,In Progress,English,No,True,electric meter box left open near kalmunaikudi
C0004,Standing water in drain breeding mosquitoes near Kalmunai 03,Drainage,High,Kalmunai 03,12,6/6/2026 21:00,Public Works Division,Pending,English,No,False,standing water in drain breeding mosquitoes near kalmunai
C0005,Water meter reading appears incorrect for Kalmunaikudi 01 household,Water,Low,Kalmunaikudi 01,12,7/29/2026 13:00,National Water Supply & Drainage Board,In Progress,English,No,False,water meter reading appears incorrect for kalmunaikudi  household
C0006,Requesting rate remission for vacant property in Kalmunaikudi 14,Billing,Low,Kalmunaikudi 14,17,5/19/2026 16:00,Assessment Department,In Progress,English,No,False,requesting rate remission for vacant property in kalmunaikudi
C0007,Water leakage near Sainthamaruthu 07 school flooding the pavement,Water,Low,Sainthamaruthu 07,21,5/10/2026 19:00,National Water Supply & Drainage Board,Pending,English,Yes,False,water leakage near sainthamaruthu  school flooding the pavement
C0008,Overcharged on trade license renewal fee for shop in Kalmunaikudi 08,Billing,Medium,Kalmunaikudi 08,15,5/26/2026 22:00,Assessment Department,Pending,English,Yes,False,overcharged on trade license renewal fee for shop in kalmunaikudi
C0009,Water main valve leaking near Sainthamaruthu 05 intersection,Water,Low,Sainthamaruthu 05,21,7/29/2026 20:00,National Water Supply & Drainage Board,In Progress,English,Yes,False,water main valve leaking near sainthamaruthu  intersection
C0010,Transformer making loud noise near Sainthamaruthu 14 residential zone,Electrical,Medium,Sainthamaruthu 14,23,5/26/2026 23:00,Street Lighting Unit,Pending,English,Yes,False,transformer making loud noise near sainthamaruthu  residential zone
C0011,Low water pressure reported by residents in Sainthamaruthu 01,Water,Medium,Sainthamaruthu 01,18,7/28/2026 19:00,National Water Supply & Drainage Board,Pending,English,No,False,low water pressure reported by residents in sainthamaruthu
C0012,"Jetty in poor condition near Natpiddimunai 01, unsafe for boarding",Boat,Medium,Natpiddimunai 01,9,6/11/2026 14:00,Boat Services Unit,In Progress,English,Yes,False,jetty in poor condition near natpiddimunai  unsafe for boarding
C0013,Late payment surcharge applied incorrectly on Natpiddymunai 05 property rates,Billing,High,Natpiddymunai 05,7,7/23/2026 14:00,Assessment Department,Pending,English,Yes,False,late payment surcharge applied incorrectly on natpiddymunai  property rates
C0014,No water supply in Sainthamaruthu 05 area for two days,Water,Medium,Sainthamaruthu 05,21,6/27/2026 20:00,National Water Supply & Drainage Board,In Progress,English,No,False,no water supply in sainthamaruthu  area for two days
C0015,Storm damage to boat shelter near Natpiddimunai 01 needs assessment,Boat,High,Natpiddimunai 01,9,7/6/2026 04:00,Boat Services Unit,Resolved,English,Yes,False,storm damage to boat shelter near natpiddimunai  needs assessment
C0016,Road caved in slightly near Maruthamunai 06 after water damage,Road,High,Maruthamunai 06,5,7/9/2026 20:00,Public Works Division,Pending,English,Yes,False,road caved in slightly near maruthamunai  after water damage
C0017,Speed bump damaged near Sainthamaruthu 13 residential entrance,Road,Low,Sainthamaruthu 13,22,7/2/2026 00:00,Public Works Division,Resolved,English,No,False,speed bump damaged near sainthamaruthu  residential entrance
C0018,Street light flickering continuously near Kalmunaikudi 02 station,Electrical,Low,Kalmunaikudi 02,13,5/1/2026 01:00,Street Lighting Unit,Pending,English,No,False,street light flickering continuously near kalmunaikudi  station
C0019,Damaged walking path in Periyaneelavanai 02 public garden,Public,Medium,Periyaneelavanai 02,2,5/24/2026 05:00,Public Assistance Department,Pending,English,No,False,damaged walking path in periyaneelavanai  public garden
C0020,Bad smell from uncollected garbage near Sainthamaruthu 01 residential area,Waste,Medium,Sainthamaruthu 01,18,7/13/2026 20:00,Waste Collection & Recycling Unit,Pending,English,Yes,False,bad smell from uncollected garbage near sainthamaruthu  residential area
C0021,Drainage system overflowing near Sainthamaruthu 07 residential lane,Drainage,High,Sainthamaruthu 07,21,6/11/2026 01:00,Public Works Division,Pending,English,Yes,False,drainage system overflowing near sainthamaruthu  residential lane
C0022,Electric meter box left open near Sainthamaruthu 13,Electrical,Medium,Sainthamaruthu 13,22,7/3/2026 02:00,Street Lighting Unit,Pending,English,Yes,False,electric meter box left open near sainthamaruthu
C0023,Damaged walking path in Kalmunaikudi 12 public garden,Public,Low,Kalmunaikudi 12,16,6/23/2026 18:00,Public Assistance Department,Pending,English,Yes,True,damaged walking path in kalmunaikudi  public garden
C0024,Broken street light cover near Natpiddymunai 05 park,Electrical,Medium,Natpiddymunai 05,7,5/4/2026 01:00,Street Lighting Unit,In Progress,English,Yes,False,broken street light cover near natpiddymunai  park
C0025,"Park swing broken near Kalmunaikudi 11, unsafe for children",Public,Low,Kalmunaikudi 11,16,7/30/2026 19:00,Public Assistance Department,In Progress,English,Yes,False,park swing broken near kalmunaikudi  unsafe for children
C0026,Boat license renewal fee dispute for vessel based in Sainthamaruthu 15,Boat,Low,Sainthamaruthu 15,22,6/4/2026 09:00,Boat Services Unit,Pending,English,Yes,False,boat license renewal fee dispute for vessel based in sainthamaruthu
C0027,Property valuation for assessment tax in Kalmunaikudi 08 needs review,Billing,Medium,Kalmunaikudi 08,15,5/6/2026 21:00,Assessment Department,Pending,English,No,False,property valuation for assessment tax in kalmunaikudi  needs review
C0028,Late payment surcharge applied incorrectly on Sainthamaruthu 16 property rates,Billing,High,Sainthamaruthu 16,23,6/10/2026 23:00,Assessment Department,Pending,English,Yes,False,late payment surcharge applied incorrectly on sainthamaruthu  property rates
C0029,Foul smell from blocked drain near Kalmunaikudi 08 market,Drainage,Low,Kalmunaikudi 08,15,6/23/2026 10:00,Public Works Division,Resolved,English,Yes,False,foul smell from blocked drain near kalmunaikudi  market
C0030,Water leakage near Sainthamaruthu 06 school flooding the pavement,Water,Medium,Sainthamaruthu 06,19,7/22/2026 09:00,National Water Supply & Drainage Board,In Progress,English,No,False,water leakage near sainthamaruthu  school flooding the pavement
C0031,Street light flickering continuously near Kalmunaikudi 05 station,Electrical,Low,Kalmunaikudi 05,14,6/6/2026 19:00,Street Lighting Unit,Pending,English,Yes,False,street light flickering continuously near kalmunaikudi  station
C0032,Illegal dumping of construction waste near Natpiddimunai 01,Waste,Medium,Natpiddimunai 01,9,7/10/2026 22:00,Waste Collection & Recycling Unit,In Progress,English,Yes,False,illegal dumping of construction waste near natpiddimunai
C0033,"Jetty in poor condition near Natpiddymunai 03, unsafe for boarding",Boat,High,Natpiddymunai 03,7,7/12/2026 14:00,Boat Services Unit,Resolved,English,No,False,jetty in poor condition near natpiddymunai  unsafe for boarding
C0034,Broken public bench near Maruthamunai 02 park needs replacement,Public,Low,Maruthamunai 02,3,6/19/2026 07:00,Public Assistance Department,Pending,English,No,False,broken public bench near maruthamunai  park needs replacement
C0035,No water supply in Maruthamunai 03 area for two days,Water,High,Maruthamunai 03,4,7/26/2026 10:00,National Water Supply & Drainage Board,In Progress,English,Yes,False,no water supply in maruthamunai  area for two days
C0036,Broken street light cover near Sainthamaruthu 03 park,Electrical,Medium,Sainthamaruthu 03,18,5/31/2026 17:00,Street Lighting Unit,Pending,English,No,False,broken street light cover near sainthamaruthu  park
C0037,Missing road signage near Sainthamaruthu 07 intersection,Road,Medium,Sainthamaruthu 07,21,5/30/2026 03:00,Public Works Division,Pending,English,Yes,False,missing road signage near sainthamaruthu  intersection
C0038,No lighting at Sainthamaruthu 13 boat launch area at night,Boat,Medium,Sainthamaruthu 13,22,5/10/2026 16:00,Boat Services Unit,Pending,English,No,False,no lighting at sainthamaruthu  boat launch area at night
C0039,Irregular water supply schedule affecting Natpiddymunai 04 residents,Water,Low,Natpiddymunai 04,7,5/24/2026 17:00,National Water Supply & Drainage Board,Pending,English,Yes,False,irregular water supply schedule affecting natpiddymunai  residents
C0040,Public notice board missing near Natpiddymunai 01 bus stand,Public,Low,Natpiddymunai 01,7,7/18/2026 08:00,Public Assistance Department,Pending,English,Yes,False,public notice board missing near natpiddymunai  bus stand
C0041,Recycling bin missing near Kalmunai 01 community center,Waste,Low,Kalmunai 01,11,7/26/2026 09:00,Waste Collection & Recycling Unit,Pending,English,No,False,recycling bin missing near kalmunai  community center
C0042,Irregular water supply schedule affecting Pandiruppu 02 residents,Water,Low,Pandiruppu 02,10,7/1/2026 13:00,National Water Supply & Drainage Board,In Progress,English,No,False,irregular water supply schedule affecting pandiruppu  residents
C0043,Speed bump damaged near Kalmunaikudi 10 residential entrance,Road,Low,Kalmunaikudi 10,16,7/20/2026 12:00,Public Works Division,Resolved,English,Yes,False,speed bump damaged near kalmunaikudi  residential entrance
C0044,Large pothole on main road near Periyaneelavanai 01 causing accidents,Road,High,Periyaneelavanai 01,1,6/12/2026 21:00,Public Works Division,Pending,English,No,False,large pothole on main road near periyaneelavanai  causing accidents
C0045,Stamp duty payment receipt not issued for transaction in Periyaneelavanai 01,Billing,Medium,Periyaneelavanai 01,1,5/4/2026 11:00,Assessment Department,Resolved,English,No,False,stamp duty payment receipt not issued for transaction in periyaneelavanai
C0046,Vandalized public signage near Kalmunaikudi 14 market,Public,Medium,Kalmunaikudi 14,17,7/17/2026 07:00,Public Assistance Department,Pending,English,Yes,False,vandalized public signage near kalmunaikudi  market
C0047,Overflowing bin attracting stray animals near Natpiddymunai 04 school,Waste,High,Natpiddymunai 04,7,7/24/2026 22:00,Waste Collection & Recycling Unit,In Progress,English,Yes,False,overflowing bin attracting stray animals near natpiddymunai  school
C0048,Business license fee dispute for trade stall in Sainthamaruthu 12,Billing,Low,Sainthamaruthu 12,20,7/18/2026 17:00,Assessment Department,Resolved,English,No,False,business license fee dispute for trade stall in sainthamaruthu
C0049,Standing water in drain breeding mosquitoes near Periyaneelavanai 02,Drainage,Medium,Periyaneelavanai 02,2,7/5/2026 00:00,Public Works Division,Resolved,English,No,False,standing water in drain breeding mosquitoes near periyaneelavanai
C0050,Damaged electrical pole leaning near Natpiddymunai 01 road,Electrical,High,Natpiddymunai 01,7,5/22/2026 14:00,Street Lighting Unit,Pending,English,No,False,damaged electrical pole leaning near natpiddymunai  road
C0051,Flickering street lights making Kalmunaikudi 01 road unsafe at night,Electrical,Medium,Kalmunaikudi 01,12,5/19/2026 18:00,Street Lighting Unit,In Progress,English,Yes,True,flickering street lights making kalmunaikudi  road unsafe at night
C0052,Late payment surcharge applied incorrectly on Natpiddimunai 02 property rates,Billing,High,Natpiddimunai 02,9,6/8/2026 19:00,Assessment Department,Resolved,English,Yes,False,late payment surcharge applied incorrectly on natpiddimunai  property rates
C0053,Broken public bench near Maruthamunai 06 park needs replacement,Public,Low,Maruthamunai 06,5,5/4/2026 17:00,Public Assistance Department,Pending,English,No,False,broken public bench near maruthamunai  park needs replacement
C0054,Water main valve leaking near Kalmunaikudi 06 intersection,Water,Medium,Kalmunaikudi 06,14,5/12/2026 05:00,National Water Supply & Drainage Board,In Progress,English,Yes,False,water main valve leaking near kalmunaikudi  intersection
C0055,Business license fee dispute for trade stall in Natpiddymunai 03,Billing,Medium,Natpiddymunai 03,7,6/22/2026 06:00,Assessment Department,In Progress,English,Yes,False,business license fee dispute for trade stall in natpiddymunai
C0056,Transformer making loud noise near Kalmunaikudi 06 residential zone,Electrical,High,Kalmunaikudi 06,14,7/22/2026 08:00,Street Lighting Unit,In Progress,English,Yes,False,transformer making loud noise near kalmunaikudi  residential zone
C0057,Contaminated water supply reported near Kalmunaikudi 11,Water,High,Kalmunaikudi 11,16,5/13/2026 08:00,National Water Supply & Drainage Board,Pending,English,Yes,False,contaminated water supply reported near kalmunaikudi
C0058,Street light pole knocked down near Sainthamaruthu 07,Electrical,High,Sainthamaruthu 07,21,5/30/2026 05:00,Street Lighting Unit,In Progress,English,No,False,street light pole knocked down near sainthamaruthu
C0059,Stamp duty payment receipt not issued for transaction in Periyaneelavanai 01,Billing,Low,Periyaneelavanai 01,1,6/1/2026 06:00,Assessment Department,Pending,English,No,False,stamp duty payment receipt not issued for transaction in periyaneelavanai
C0060,Request for new mooring space near Kalmunaikudi 07 fishing harbor,Boat,Low,Kalmunaikudi 07,14,7/11/2026 10:00,Boat Services Unit,Pending,English,No,False,request for new mooring space near kalmunaikudi  fishing harbor
C0061,Open drain without cover poses safety risk near Natpiddimunai 03,Drainage,High,Natpiddimunai 03,9,7/12/2026 22:00,Public Works Division,In Progress,English,Yes,False,open drain without cover poses safety risk near natpiddimunai
C0062,Damaged electrical pole leaning near Natpiddymunai 05 road,Electrical,High,Natpiddymunai 05,7,6/29/2026 08:00,Street Lighting Unit,Pending,English,Yes,False,damaged electrical pole leaning near natpiddymunai  road
C0063,Water tank overflow reported near Kalmunaikudi 05 apartment complex,Water,Medium,Kalmunaikudi 05,14,6/8/2026 19:00,National Water Supply & Drainage Board,In Progress,English,No,False,water tank overflow reported near kalmunaikudi  apartment complex
C0064,Street light flickering continuously near Sainthamaruthu 06 station,Electrical,Low,Sainthamaruthu 06,19,7/15/2026 13:00,Street Lighting Unit,Resolved,English,No,False,street light flickering continuously near sainthamaruthu  station
C0065,Certificate of ownership request delayed for property in Natpiddymunai 02,Billing,Low,Natpiddymunai 02,7,7/29/2026 01:00,Assessment Department,In Progress,English,Yes,False,certificate of ownership request delayed for property in natpiddymunai
C0066,Water tank overflow reported near Pandiruppu 01 apartment complex,Water,Medium,Pandiruppu 01,6,7/13/2026 07:00,National Water Supply & Drainage Board,In Progress,English,No,False,water tank overflow reported near pandiruppu  apartment complex
C0067,Boat service counter closed during working hours at Sainthamaruthu 17,Boat,Medium,Sainthamaruthu 17,23,7/27/2026 02:00,Boat Services Unit,Pending,English,No,False,boat service counter closed during working hours at sainthamaruthu
C0068,Drain cover missing near Kalmunaikudi 07 pedestrian crossing,Drainage,High,Kalmunaikudi 07,14,6/20/2026 14:00,Public Works Division,Pending,English,No,False,drain cover missing near kalmunaikudi  pedestrian crossing
C0069,Boat license renewal fee dispute for vessel based in Natpiddimunai 02,Boat,Low,Natpiddimunai 02,9,7/26/2026 16:00,Boat Services Unit,In Progress,English,Yes,False,boat license renewal fee dispute for vessel based in natpiddimunai
C0070,No water supply in Pandiruppu 02 area for two days,Water,Medium,Pandiruppu 02,10,6/9/2026 13:00,National Water Supply & Drainage Board,In Progress,English,No,False,no water supply in pandiruppu  area for two days
C0071,Public water fountain not working near Kalmunaikudi 08 park,Public,Low,Kalmunaikudi 08,15,6/26/2026 17:00,Public Assistance Department,Pending,English,Yes,False,public water fountain not working near kalmunaikudi  park
C0072,"Waste bin lid broken, causing littering near Kalmunaikudi 03",Waste,Low,Kalmunaikudi 03,13,7/26/2026 13:00,Waste Collection & Recycling Unit,Resolved,English,Yes,False,waste bin lid broken causing littering near kalmunaikudi
C0073,Stamp duty payment receipt not issued for transaction in Sainthamaruthu 12,Billing,Low,Sainthamaruthu 12,20,5/27/2026 11:00,Assessment Department,In Progress,English,No,False,stamp duty payment receipt not issued for transaction in sainthamaruthu
C0074,Discount for early rate settlement not applied for Periyaneelavanai 02 property,Billing,Low,Periyaneelavanai 02,2,7/21/2026 14:00,Assessment Department,In Progress,English,No,False,discount for early rate settlement not applied for periyaneelavanai  property
C0075,"Jetty in poor condition near Sainthamaruthu 04, unsafe for boarding",Boat,High,Sainthamaruthu 04,19,5/9/2026 03:00,Boat Services Unit,Resolved,English,No,False,jetty in poor condition near sainthamaruthu  unsafe for boarding
C0076,Have not received assessment tax bill for Kalmunaikudi 08 property this quarter,Billing,Low,Kalmunaikudi 08,15,6/2/2026 18:00,Assessment Department,Pending,English,Yes,False,have not received assessment tax bill for kalmunaikudi  property this quarter
C0077,Overcharged on trade license renewal fee for shop in Sainthamaruthu 13,Billing,Medium,Sainthamaruthu 13,22,7/12/2026 17:00,Assessment Department,Pending,English,No,False,overcharged on trade license renewal fee for shop in sainthamaruthu
C0078,Overflowing bin attracting stray animals near Natpiddymunai 05 school,Waste,High,Natpiddymunai 05,7,5/25/2026 00:00,Waste Collection & Recycling Unit,In Progress,English,No,False,overflowing bin attracting stray animals near natpiddymunai  school
C0079,Street light not working near Sainthamaruthu 04 junction for a week,Electrical,Low,Sainthamaruthu 04,19,5/22/2026 03:00,Street Lighting Unit,Pending,English,No,False,street light not working near sainthamaruthu  junction for a week
C0080,Damaged boat landing point near Sainthamaruthu 14 needs urgent repair,Boat,High,Sainthamaruthu 14,23,7/15/2026 12:00,Boat Services Unit,In Progress,English,No,False,damaged boat landing point near sainthamaruthu  needs urgent repair
C0081,Foul smell from blocked drain near Maruthamunai 05 market,Drainage,Medium,Maruthamunai 05,5,6/6/2026 10:00,Public Works Division,Resolved,English,No,False,foul smell from blocked drain near maruthamunai  market
C0082,Certificate of ownership request delayed for property in Maruthamunai 03,Billing,Low,Maruthamunai 03,4,5/30/2026 06:00,Assessment Department,In Progress,English,Yes,False,certificate of ownership request delayed for property in maruthamunai
C0083,Water main valve leaking near Sainthamaruthu 15 intersection,Water,High,Sainthamaruthu 15,22,7/2/2026 20:00,National Water Supply & Drainage Board,Pending,English,No,False,water main valve leaking near sainthamaruthu  intersection
C0084,Broken public bench near Kalmunaikudi 05 park needs replacement,Public,Low,Kalmunaikudi 05,14,7/20/2026 11:00,Public Assistance Department,Pending,English,No,False,broken public bench near kalmunaikudi  park needs replacement
C0085,"Jetty in poor condition near Kalmunaikudi 06, unsafe for boarding",Boat,Medium,Kalmunaikudi 06,14,7/29/2026 06:00,Boat Services Unit,Pending,English,No,False,jetty in poor condition near kalmunaikudi  unsafe for boarding
C0086,Request for new mooring space near Kalmunaikudi 06 fishing harbor,Boat,Low,Kalmunaikudi 06,14,7/30/2026 17:00,Boat Services Unit,In Progress,English,Yes,False,request for new mooring space near kalmunaikudi  fishing harbor
C0087,Contaminated water supply reported near Kalmunaikudi 07,Water,Medium,Kalmunaikudi 07,14,5/3/2026 18:00,National Water Supply & Drainage Board,Pending,English,No,False,contaminated water supply reported near kalmunaikudi
C0088,No lighting at Natpiddymunai 02 boat launch area at night,Boat,Medium,Natpiddymunai 02,7,6/27/2026 21:00,Boat Services Unit,Pending,English,Yes,False,no lighting at natpiddymunai  boat launch area at night
C0089,Speed bump damaged near Periyaneelavanai 01 residential entrance,Road,Low,Periyaneelavanai 01,1,6/23/2026 21:00,Public Works Division,Pending,English,Yes,False,speed bump damaged near periyaneelavanai  residential entrance
C0090,Flickering street lights making Sainthamaruthu 06 road unsafe at night,Electrical,Medium,Sainthamaruthu 06,19,6/9/2026 06:00,Street Lighting Unit,Pending,English,Yes,False,flickering street lights making sainthamaruthu  road unsafe at night
C0091,Damaged electrical pole leaning near Sainthamaruthu 07 road,Electrical,High,Sainthamaruthu 07,21,7/12/2026 10:00,Street Lighting Unit,Pending,English,Yes,False,damaged electrical pole leaning near sainthamaruthu  road
C0092,Litter accumulating in Sainthamaruthu 09 public park,Public,Low,Sainthamaruthu 09,21,5/31/2026 15:00,Public Assistance Department,Pending,English,Yes,False,litter accumulating in sainthamaruthu  public park
C0093,Irregular water supply schedule affecting Sainthamaruthu 13 residents,Water,Low,Sainthamaruthu 13,22,6/27/2026 05:00,National Water Supply & Drainage Board,Pending,English,No,False,irregular water supply schedule affecting sainthamaruthu  residents
C0094,Road crack widening near Natpiddymunai 03 junction after recent rain,Road,Medium,Natpiddymunai 03,7,5/13/2026 06:00,Public Works Division,Pending,English,Yes,False,road crack widening near natpiddymunai  junction after recent rain
C0095,Large pothole on main road near Maruthamunai 02 causing accidents,Road,High,Maruthamunai 02,3,6/17/2026 15:00,Public Works Division,In Progress,English,Yes,False,large pothole on main road near maruthamunai  causing accidents
C0096,Water leakage near Sainthamaruthu 01 school flooding the pavement,Water,Medium,Sainthamaruthu 01,18,5/25/2026 12:00,National Water Supply & Drainage Board,Pending,English,Yes,False,water leakage near sainthamaruthu  school flooding the pavement
C0097,Fishing boat registration delayed at Sainthamaruthu 17 office,Boat,Medium,Sainthamaruthu 17,23,5/15/2026 17:00,Boat Services Unit,Pending,English,No,False,fishing boat registration delayed at sainthamaruthu  office
C0098,Cracked drain pipe near Kalmunai 01 needs repair,Drainage,Medium,Kalmunai 01,11,6/27/2026 21:00,Public Works Division,Pending,English,No,False,cracked drain pipe near kalmunai  needs repair
C0099,Electric meter box left open near Kalmunaikudi 03,Electrical,Medium,Kalmunaikudi 03,13,5/30/2026 15:00,Street Lighting Unit,Pending,English,No,False,electric meter box left open near kalmunaikudi
C0100,"Waste bin lid broken, causing littering near Sainthamaruthu 12",Waste,Medium,Sainthamaruthu 12,20,5/8/2026 21:00,Waste Collection & Recycling Unit,In Progress,English,No,False,waste bin lid broken causing littering near sainthamaruthu
C0101,Blocked culvert causing water stagnation near Natpiddymunai 02,Drainage,Medium,Natpiddymunai 02,7,6/15/2026 14:00,Public Works Division,Pending,English,Yes,False,blocked culvert causing water stagnation near natpiddymunai
C0102,Large pothole on main road near Natpiddymunai 05 causing accidents,Road,High,Natpiddymunai 05,7,5/23/2026 15:00,Public Works Division,Pending,English,No,False,large pothole on main road near natpiddymunai  causing accidents
C0103,Road divider knocked down near Sainthamaruthu 07 roundabout,Road,Medium,Sainthamaruthu 07,21,5/15/2026 11:00,Public Works Division,Pending,English,Yes,False,road divider knocked down near sainthamaruthu  roundabout
C0104,Damaged road surface near Maruthamunai 03 making travel difficult,Road,High,Maruthamunai 03,4,7/29/2026 10:00,Public Works Division,In Progress,English,No,False,damaged road surface near maruthamunai  making travel difficult
C0105,Broken pavement tiles near Maruthamunai 06 making walking unsafe,Road,Low,Maruthamunai 06,5,6/22/2026 10:00,Public Works Division,Pending,English,Yes,False,broken pavement tiles near maruthamunai  making walking unsafe
C0106,Request for new mooring space near Maruthamunai 04 fishing harbor,Boat,Low,Maruthamunai 04,4,5/3/2026 12:00,Boat Services Unit,Resolved,English,No,False,request for new mooring space near maruthamunai  fishing harbor
C0107,Low water pressure reported by residents in Sainthamaruthu 08,Water,Medium,Sainthamaruthu 08,20,7/5/2026 06:00,National Water Supply & Drainage Board,In Progress,English,No,False,low water pressure reported by residents in sainthamaruthu
C0108,Road divider knocked down near Maruthamunai 01 roundabout,Road,Medium,Maruthamunai 01,3,5/28/2026 00:00,Public Works Division,Pending,English,Yes,False,road divider knocked down near maruthamunai  roundabout
C0109,Cracked drain pipe near Kalmunaikudi 06 needs repair,Drainage,Low,Kalmunaikudi 06,14,6/2/2026 08:00,Public Works Division,Pending,English,Yes,False,cracked drain pipe near kalmunaikudi  needs repair
C0110,"Park swing broken near Natpiddymunai 01, unsafe for children",Public,Medium,Natpiddymunai 01,7,7/18/2026 23:00,Public Assistance Department,In Progress,English,Yes,False,park swing broken near natpiddymunai  unsafe for children
C0111,Garbage bags left uncollected on Maruthamunai 04 street corner,Waste,Low,Maruthamunai 04,4,6/19/2026 23:00,Waste Collection & Recycling Unit,Pending,English,No,False,garbage bags left uncollected on maruthamunai  street corner
C0112,Recycling bin missing near Kalmunaikudi 08 community center,Waste,Low,Kalmunaikudi 08,15,6/30/2026 17:00,Waste Collection & Recycling Unit,Pending,English,Yes,False,recycling bin missing near kalmunaikudi  community center
C0113,Boat mooring point damaged near Natpiddymunai 04 harbor,Boat,Medium,Natpiddymunai 04,7,6/17/2026 01:00,Boat Services Unit,Pending,English,Yes,False,boat mooring point damaged near natpiddymunai  harbor
C0114,Water leakage near Sainthamaruthu 05 school flooding the pavement,Water,Medium,Sainthamaruthu 05,21,6/23/2026 14:00,National Water Supply & Drainage Board,Pending,English,Yes,False,water leakage near sainthamaruthu  school flooding the pavement
C0115,Requesting rate remission for vacant property in Natpiddymunai 05,Billing,Low,Natpiddymunai 05,7,7/20/2026 19:00,Assessment Department,Resolved,English,Yes,False,requesting rate remission for vacant property in natpiddymunai
C0116,Drain cover missing near Sainthamaruthu 10 pedestrian crossing,Drainage,High,Sainthamaruthu 10,20,6/15/2026 20:00,Public Works Division,In Progress,English,Yes,False,drain cover missing near sainthamaruthu  pedestrian crossing
C0117,Flickering street lights making Kalmunaikudi 14 road unsafe at night,Electrical,High,Kalmunaikudi 14,17,5/14/2026 06:00,Street Lighting Unit,Pending,English,No,False,flickering street lights making kalmunaikudi  road unsafe at night
C0118,Contaminated water supply reported near Sainthamaruthu 14,Water,High,Sainthamaruthu 14,23,7/19/2026 16:00,National Water Supply & Drainage Board,Pending,English,No,False,contaminated water supply reported near sainthamaruthu
C0119,Waste collection truck has not visited Sainthamaruthu 11 this week,Waste,Medium,Sainthamaruthu 11,22,5/15/2026 10:00,Waste Collection & Recycling Unit,In Progress,English,No,False,waste collection truck has not visited sainthamaruthu  this week
C0120,Storm damage to boat shelter near Kalmunaikudi 09 needs assessment,Boat,High,Kalmunaikudi 09,15,6/1/2026 05:00,Boat Services Unit,In Progress,English,Yes,False,storm damage to boat shelter near kalmunaikudi  needs assessment
C0121,Power outage reported frequently in Sainthamaruthu 01 area,Electrical,Medium,Sainthamaruthu 01,18,6/15/2026 22:00,Street Lighting Unit,Resolved,English,Yes,False,power outage reported frequently in sainthamaruthu  area
C0122,Property valuation for assessment tax in Sainthamaruthu 07 needs review,Billing,Medium,Sainthamaruthu 07,21,5/13/2026 06:00,Assessment Department,In Progress,English,Yes,False,property valuation for assessment tax in sainthamaruthu  needs review
C0123,"Park swing broken near Kalmunaikudi 07, unsafe for children",Public,High,Kalmunaikudi 07,14,7/24/2026 13:00,Public Assistance Department,Resolved,English,Yes,False,park swing broken near kalmunaikudi  unsafe for children
C0124,Open drain without cover poses safety risk near Kalmunaikudi 09,Drainage,High,Kalmunaikudi 09,15,5/8/2026 19:00,Public Works Division,Pending,English,No,False,open drain without cover poses safety risk near kalmunaikudi
C0125,Public water fountain not working near Kalmunaikudi 03 park,Public,Low,Kalmunaikudi 03,13,6/22/2026 12:00,Public Assistance Department,In Progress,English,No,False,public water fountain not working near kalmunaikudi  park
C0126,"Waste bin lid broken, causing littering near Maruthamunai 03",Waste,Low,Maruthamunai 03,4,5/9/2026 18:00,Waste Collection & Recycling Unit,In Progress,English,Yes,False,waste bin lid broken causing littering near maruthamunai
C0127,Requesting rate remission for vacant property in Sainthamaruthu 13,Billing,Low,Sainthamaruthu 13,22,7/27/2026 17:00,Assessment Department,Resolved,English,Yes,False,requesting rate remission for vacant property in sainthamaruthu
C0128,Garbage overflowing near Kalmunai 02 market for the past three days,Waste,High,Kalmunai 02,12,6/21/2026 13:00,Waste Collection & Recycling Unit,Pending,English,Yes,False,garbage overflowing near kalmunai  market for the past three days
C0129,Business license fee dispute for trade stall in Sainthamaruthu 08,Billing,Medium,Sainthamaruthu 08,20,6/30/2026 04:00,Assessment Department,Pending,English,Yes,False,business license fee dispute for trade stall in sainthamaruthu
C0130,Flickering street lights making Sainthamaruthu 02 road unsafe at night,Electrical,High,Sainthamaruthu 02,19,5/1/2026 21:00,Street Lighting Unit,Pending,English,Yes,False,flickering street lights making sainthamaruthu  road unsafe at night
C0131,Damaged boat landing point near Sainthamaruthu 08 needs urgent repair,Boat,High,Sainthamaruthu 08,20,5/30/2026 01:00,Boat Services Unit,Pending,English,No,False,damaged boat landing point near sainthamaruthu  needs urgent repair
C0132,Overcharged on trade license renewal fee for shop in Kalmunaikudi 08,Billing,Medium,Kalmunaikudi 08,15,5/24/2026 00:00,Assessment Department,Pending,English,Yes,False,overcharged on trade license renewal fee for shop in kalmunaikudi
C0133,Business license fee dispute for trade stall in Kalmunaikudi 01,Billing,Medium,Kalmunaikudi 01,12,7/3/2026 21:00,Assessment Department,Resolved,English,Yes,False,business license fee dispute for trade stall in kalmunaikudi
C0134,Overcharged on trade license renewal fee for shop in Periyaneelavanai 01,Billing,Medium,Periyaneelavanai 01,1,6/28/2026 21:00,Assessment Department,In Progress,English,No,True,overcharged on trade license renewal fee for shop in periyaneelavanai
C0135,Damaged boat landing point near Sainthamaruthu 14 needs urgent repair,Boat,High,Sainthamaruthu 14,23,6/30/2026 06:00,Boat Services Unit,In Progress,English,Yes,False,damaged boat landing point near sainthamaruthu  needs urgent repair
C0136,Damaged road surface near Sainthamaruthu 05 making travel difficult,Road,High,Sainthamaruthu 05,21,5/4/2026 05:00,Public Works Division,In Progress,English,Yes,False,damaged road surface near sainthamaruthu  making travel difficult
C0137,Public restroom near Maruthamunai 04 in poor hygienic condition,Public,Medium,Maruthamunai 04,4,7/16/2026 08:00,Public Assistance Department,Pending,English,Yes,False,public restroom near maruthamunai  in poor hygienic condition
C0138,Public water fountain not working near Kalmunaikudi 11 park,Public,Low,Kalmunaikudi 11,16,6/16/2026 18:00,Public Assistance Department,In Progress,English,Yes,False,public water fountain not working near kalmunaikudi  park
C0139,Road caved in slightly near Sainthamaruthu 16 after water damage,Road,Medium,Sainthamaruthu 16,23,7/23/2026 12:00,Public Works Division,Resolved,English,Yes,False,road caved in slightly near sainthamaruthu  after water damage
C0140,Stamp duty payment receipt not issued for transaction in Kalmunaikudi 02,Billing,Medium,Kalmunaikudi 02,13,6/5/2026 18:00,Assessment Department,Pending,English,Yes,False,stamp duty payment receipt not issued for transaction in kalmunaikudi
C0141,Road divider knocked down near Kalmunaikudi 03 roundabout,Road,Medium,Kalmunaikudi 03,13,5/3/2026 10:00,Public Works Division,Resolved,English,Yes,False,road divider knocked down near kalmunaikudi  roundabout
C0142,Vandalized public signage near Natpiddymunai 05 market,Public,Low,Natpiddymunai 05,7,7/3/2026 00:00,Public Assistance Department,In Progress,English,Yes,False,vandalized public signage near natpiddymunai  market
C0143,Requesting rate remission for vacant property in Pandiruppu 01,Billing,Medium,Pandiruppu 01,6,5/23/2026 19:00,Assessment Department,Pending,English,No,False,requesting rate remission for vacant property in pandiruppu
C0144,Standing water in drain breeding mosquitoes near Kalmunaikudi 08,Drainage,High,Kalmunaikudi 08,15,6/27/2026 00:00,Public Works Division,Resolved,English,No,False,standing water in drain breeding mosquitoes near kalmunaikudi
C0145,Standing water in drain breeding mosquitoes near Sainthamaruthu 06,Drainage,Medium,Sainthamaruthu 06,19,5/4/2026 04:00,Public Works Division,Pending,English,Yes,False,standing water in drain breeding mosquitoes near sainthamaruthu
C0146,Playground equipment damaged near Kalmunaikudi 07 community park,Public,Medium,Kalmunaikudi 07,14,6/5/2026 15:00,Public Assistance Department,Pending,English,Yes,False,playground equipment damaged near kalmunaikudi  community park
C0147,Broken public bench near Kalmunaikudi 04 park needs replacement,Public,Low,Kalmunaikudi 04,13,5/9/2026 21:00,Public Assistance Department,Resolved,English,No,False,broken public bench near kalmunaikudi  park needs replacement
C0148,Broken street light cover near Periyaneelavanai 02 park,Electrical,Medium,Periyaneelavanai 02,2,5/20/2026 22:00,Street Lighting Unit,Pending,English,No,False,broken street light cover near periyaneelavanai  park
C0149,Irregular water supply schedule affecting Natpiddymunai 04 residents,Water,Low,Natpiddymunai 04,7,7/16/2026 13:00,National Water Supply & Drainage Board,In Progress,English,Yes,False,irregular water supply schedule affecting natpiddymunai  residents
C0150,Waste collection truck has not visited Pandiruppu 02 this week,Waste,Medium,Pandiruppu 02,10,7/24/2026 02:00,Waste Collection & Recycling Unit,Pending,English,No,False,waste collection truck has not visited pandiruppu  this week
C0151,Garbage bin damaged and waste scattered near Periyaneelavanai 01 bus stand,Waste,Medium,Periyaneelavanai 01,1,5/26/2026 18:00,Waste Collection & Recycling Unit,In Progress,English,No,True,garbage bin damaged and waste scattered near periyaneelavanai  bus stand
C0152,Garbage bin damaged and waste scattered near Sainthamaruthu 12 bus stand,Waste,Medium,Sainthamaruthu 12,20,6/5/2026 03:00,Waste Collection & Recycling Unit,Pending,English,Yes,False,garbage bin damaged and waste scattered near sainthamaruthu  bus stand
C0153,Water tank overflow reported near Kalmunaikudi 11 apartment complex,Water,Low,Kalmunaikudi 11,16,7/3/2026 23:00,National Water Supply & Drainage Board,In Progress,English,No,False,water tank overflow reported near kalmunaikudi  apartment complex
C0154,Broken pavement tiles near Sainthamaruthu 06 making walking unsafe,Road,Low,Sainthamaruthu 06,19,7/6/2026 14:00,Public Works Division,Pending,English,Yes,False,broken pavement tiles near sainthamaruthu  making walking unsafe
C0155,Water tank overflow reported near Sainthamaruthu 10 apartment complex,Water,Medium,Sainthamaruthu 10,20,5/7/2026 09:00,National Water Supply & Drainage Board,Pending,English,Yes,False,water tank overflow reported near sainthamaruthu  apartment complex
C0156,Foul smell from blocked drain near Sainthamaruthu 04 market,Drainage,Medium,Sainthamaruthu 04,19,6/21/2026 12:00,Public Works Division,Pending,English,Yes,False,foul smell from blocked drain near sainthamaruthu  market
C0157,Broken pavement tiles near Kalmunaikudi 11 making walking unsafe,Road,Low,Kalmunaikudi 11,16,7/3/2026 04:00,Public Works Division,Pending,English,No,False,broken pavement tiles near kalmunaikudi  making walking unsafe
C0158,Street light pole knocked down near Kalmunaikudi 07,Electrical,High,Kalmunaikudi 07,14,7/10/2026 20:00,Street Lighting Unit,Pending,English,No,False,street light pole knocked down near kalmunaikudi
C0159,Water meter reading appears incorrect for Kalmunaikudi 06 household,Water,Low,Kalmunaikudi 06,14,6/16/2026 01:00,National Water Supply & Drainage Board,Pending,English,No,False,water meter reading appears incorrect for kalmunaikudi  household
C0160,"Water pipe burst near Maruthamunai 04 hospital, water gushing onto road",Water,Medium,Maruthamunai 04,4,6/24/2026 00:00,National Water Supply & Drainage Board,Pending,English,No,False,water pipe burst near maruthamunai  hospital water gushing onto road
C0161,"Waste bin lid broken, causing littering near Kalmunaikudi 14",Waste,Low,Kalmunaikudi 14,17,7/31/2026 08:00,Waste Collection & Recycling Unit,In Progress,English,Yes,False,waste bin lid broken causing littering near kalmunaikudi
C0162,Assessment tax amount for my Natpiddimunai 03 property seems incorrectly calculated,Billing,Medium,Natpiddimunai 03,9,7/3/2026 18:00,Assessment Department,Pending,English,No,False,assessment tax amount for my natpiddimunai  property seems incorrectly calculated
C0163,Boat license renewal fee dispute for vessel based in Maruthamunai 05,Boat,Low,Maruthamunai 05,5,5/22/2026 22:00,Boat Services Unit,In Progress,English,Yes,False,boat license renewal fee dispute for vessel based in maruthamunai
C0164,Stamp duty payment receipt not issued for transaction in Sainthamaruthu 14,Billing,Low,Sainthamaruthu 14,23,7/30/2026 04:00,Assessment Department,In Progress,English,No,True,stamp duty payment receipt not issued for transaction in sainthamaruthu
C0165,Large pothole on main road near Natpiddymunai 02 causing accidents,Road,High,Natpiddymunai 02,7,5/18/2026 14:00,Public Works Division,In Progress,English,No,False,large pothole on main road near natpiddymunai  causing accidents
C0166,Cracked drain pipe near Sainthamaruthu 07 needs repair,Drainage,Low,Sainthamaruthu 07,21,7/12/2026 10:00,Public Works Division,Pending,English,No,True,cracked drain pipe near sainthamaruthu  needs repair
C0167,Street light pole knocked down near Kalmunaikudi 05,Electrical,High,Kalmunaikudi 05,14,7/31/2026 09:00,Street Lighting Unit,Pending,English,Yes,False,street light pole knocked down near kalmunaikudi
C0168,Water leakage near Pandiruppu 02 school flooding the pavement,Water,Low,Pandiruppu 02,10,7/4/2026 06:00,National Water Supply & Drainage Board,In Progress,English,No,False,water leakage near pandiruppu  school flooding the pavement
C0169,Discount for early rate settlement not applied for Sainthamaruthu 03 property,Billing,Low,Sainthamaruthu 03,18,6/11/2026 17:00,Assessment Department,Pending,English,No,False,discount for early rate settlement not applied for sainthamaruthu  property
C0170,Contaminated water supply reported near Sainthamaruthu 08,Water,High,Sainthamaruthu 08,20,6/8/2026 09:00,National Water Supply & Drainage Board,Pending,English,No,True,contaminated water supply reported near sainthamaruthu
C0171,Garbage overflowing near Natpiddymunai 04 market for the past three days,Waste,High,Natpiddymunai 04,7,6/1/2026 20:00,Waste Collection & Recycling Unit,Pending,English,Yes,False,garbage overflowing near natpiddymunai  market for the past three days
C0172,Water leakage near Kalmunaikudi 10 school flooding the pavement,Water,Medium,Kalmunaikudi 10,16,6/18/2026 13:00,National Water Supply & Drainage Board,Pending,English,Yes,False,water leakage near kalmunaikudi  school flooding the pavement
C0173,"Park swing broken near Kalmunaikudi 04, unsafe for children",Public,Medium,Kalmunaikudi 04,13,7/23/2026 16:00,Public Assistance Department,Pending,English,Yes,False,park swing broken near kalmunaikudi  unsafe for children
C0174,Vandalized public signage near Kalmunaikudi 06 market,Public,Low,Kalmunaikudi 06,14,5/3/2026 00:00,Public Assistance Department,In Progress,English,Yes,False,vandalized public signage near kalmunaikudi  market
C0175,Public restroom near Sainthamaruthu 16 in poor hygienic condition,Public,Medium,Sainthamaruthu 16,23,6/12/2026 09:00,Public Assistance Department,Pending,English,No,False,public restroom near sainthamaruthu  in poor hygienic condition
C0176,Low water pressure reported by residents in Kalmunaikudi 06,Water,Medium,Kalmunaikudi 06,14,6/2/2026 23:00,National Water Supply & Drainage Board,Pending,English,Yes,False,low water pressure reported by residents in kalmunaikudi
C0177,Transformer making loud noise near Sainthamaruthu 14 residential zone,Electrical,Low,Sainthamaruthu 14,23,7/27/2026 22:00,Street Lighting Unit,Pending,English,Yes,False,transformer making loud noise near sainthamaruthu  residential zone
C0178,Litter accumulating in Sainthamaruthu 11 public park,Public,Low,Sainthamaruthu 11,22,5/25/2026 20:00,Public Assistance Department,In Progress,English,Yes,False,litter accumulating in sainthamaruthu  public park
C0179,Street light flickering continuously near Sainthamaruthu 03 station,Electrical,Low,Sainthamaruthu 03,18,6/30/2026 23:00,Street Lighting Unit,In Progress,English,Yes,False,street light flickering continuously near sainthamaruthu  station
C0180,Request for new mooring space near Sainthamaruthu 13 fishing harbor,Boat,Low,Sainthamaruthu 13,22,7/2/2026 10:00,Boat Services Unit,In Progress,English,No,False,request for new mooring space near sainthamaruthu  fishing harbor
C0181,Litter accumulating in Pandiruppu 02 public park,Public,Low,Pandiruppu 02,10,6/27/2026 10:00,Public Assistance Department,Pending,English,No,False,litter accumulating in pandiruppu  public park
C0182,Overflowing bin attracting stray animals near Kalmunaikudi 11 school,Waste,Medium,Kalmunaikudi 11,16,5/28/2026 20:00,Waste Collection & Recycling Unit,Pending,English,Yes,False,overflowing bin attracting stray animals near kalmunaikudi  school
C0183,"Water pipe burst near Sainthamaruthu 04 hospital, water gushing onto road",Water,High,Sainthamaruthu 04,19,7/11/2026 17:00,National Water Supply & Drainage Board,Pending,English,No,False,water pipe burst near sainthamaruthu  hospital water gushing onto road
C0184,Garbage bags left uncollected on Sainthamaruthu 16 street corner,Waste,Low,Sainthamaruthu 16,23,5/7/2026 00:00,Waste Collection & Recycling Unit,Pending,English,No,False,garbage bags left uncollected on sainthamaruthu  street corner
C0185,Fishing boat registration delayed at Sainthamaruthu 16 office,Boat,Low,Sainthamaruthu 16,23,5/17/2026 18:00,Boat Services Unit,Pending,English,No,False,fishing boat registration delayed at sainthamaruthu  office
C0186,Bad smell from uncollected garbage near Sainthamaruthu 10 residential area,Waste,Medium,Sainthamaruthu 10,20,6/6/2026 04:00,Waste Collection & Recycling Unit,Pending,English,Yes,False,bad smell from uncollected garbage near sainthamaruthu  residential area
C0187,Faded zebra crossing markings near Kalmunaikudi 05 school,Road,Low,Kalmunaikudi 05,14,6/2/2026 11:00,Public Works Division,In Progress,English,Yes,False,faded zebra crossing markings near kalmunaikudi  school
C0188,Water meter reading appears incorrect for Maruthamunai 05 household,Water,Low,Maruthamunai 05,5,7/27/2026 23:00,National Water Supply & Drainage Board,Pending,English,Yes,False,water meter reading appears incorrect for maruthamunai  household
C0189,Storm drain clogged with debris near Maruthamunai 04 junction,Drainage,Medium,Maruthamunai 04,4,7/7/2026 19:00,Public Works Division,Pending,English,Yes,False,storm drain clogged with debris near maruthamunai  junction
C0190,Have not received assessment tax bill for Sainthamaruthu 03 property this quarter,Billing,Medium,Sainthamaruthu 03,18,6/1/2026 21:00,Assessment Department,Pending,English,No,False,have not received assessment tax bill for sainthamaruthu  property this quarter
C0191,Slow drainage causing minor waterlogging near Maruthamunai 04,Drainage,Low,Maruthamunai 04,4,5/18/2026 12:00,Public Works Division,Pending,English,Yes,False,slow drainage causing minor waterlogging near maruthamunai
C0192,Transformer making loud noise near Sainthamaruthu 14 residential zone,Electrical,Medium,Sainthamaruthu 14,23,7/21/2026 23:00,Street Lighting Unit,Pending,English,Yes,False,transformer making loud noise near sainthamaruthu  residential zone
C0193,Irregular water supply schedule affecting Sainthamaruthu 14 residents,Water,Low,Sainthamaruthu 14,23,7/25/2026 02:00,National Water Supply & Drainage Board,In Progress,English,Yes,False,irregular water supply schedule affecting sainthamaruthu  residents
C0194,Cracked drain pipe near Kalmunaikudi 03 needs repair,Drainage,Low,Kalmunaikudi 03,13,7/27/2026 15:00,Public Works Division,Pending,English,No,False,cracked drain pipe near kalmunaikudi  needs repair
C0195,Drain cover missing near Maruthamunai 01 pedestrian crossing,Drainage,High,Maruthamunai 01,3,5/28/2026 15:00,Public Works Division,In Progress,English,Yes,False,drain cover missing near maruthamunai  pedestrian crossing
C0196,Boat license renewal fee dispute for vessel based in Kalmunaikudi 13,Boat,Low,Kalmunaikudi 13,17,5/19/2026 20:00,Boat Services Unit,Resolved,English,No,False,boat license renewal fee dispute for vessel based in kalmunaikudi
C0197,Vandalized public signage near Kalmunaikudi 07 market,Public,Low,Kalmunaikudi 07,14,5/16/2026 17:00,Public Assistance Department,Pending,English,Yes,False,vandalized public signage near kalmunaikudi  market
C0198,Broken street light cover near Pandiruppu 01 park,Electrical,Low,Pandiruppu 01,6,7/30/2026 17:00,Street Lighting Unit,Pending,English,Yes,False,broken street light cover near pandiruppu  park
C0199,Irregular water supply schedule affecting Maruthamunai 06 residents,Water,Low,Maruthamunai 06,5,5/15/2026 07:00,National Water Supply & Drainage Board,In Progress,English,Yes,False,irregular water supply schedule affecting maruthamunai  residents
C0200,Requesting rate remission for vacant property in Natpiddymunai 05,Billing,Low,Natpiddymunai 05,7,6/8/2026 11:00,Assessment Department,Resolved,English,No,False,requesting rate remission for vacant property in natpiddymunai
C0201,Playground equipment damaged near Kalmunaikudi 03 community park,Public,Medium,Kalmunaikudi 03,13,7/21/2026 11:00,Public Assistance Department,Pending,English,Yes,False,playground equipment damaged near kalmunaikudi  community park
C0202,Public restroom near Pandiruppu 01 in poor hygienic condition,Public,High,Pandiruppu 01,6,7/13/2026 16:00,Public Assistance Department,Resolved,English,Yes,False,public restroom near pandiruppu  in poor hygienic condition
C0203,Request for new mooring space near Sainthamaruthu 04 fishing harbor,Boat,Medium,Sainthamaruthu 04,19,6/23/2026 06:00,Boat Services Unit,Pending,English,Yes,False,request for new mooring space near sainthamaruthu  fishing harbor
C0204,Requesting rate remission for vacant property in Sainthamaruthu 14,Billing,Low,Sainthamaruthu 14,23,7/17/2026 01:00,Assessment Department,Pending,English,Yes,False,requesting rate remission for vacant property in sainthamaruthu
C0205,Fishing boat registration delayed at Maruthamunai 06 office,Boat,Low,Maruthamunai 06,5,6/25/2026 19:00,Boat Services Unit,Pending,English,Yes,False,fishing boat registration delayed at maruthamunai  office
C0206,Street light flickering continuously near Natpiddimunai 03 station,Electrical,Low,Natpiddimunai 03,9,7/4/2026 12:00,Street Lighting Unit,In Progress,English,Yes,False,street light flickering continuously near natpiddimunai  station
C0207,Irregular water supply schedule affecting Kalmunaikudi 02 residents,Water,Medium,Kalmunaikudi 02,13,6/23/2026 19:00,National Water Supply & Drainage Board,Pending,English,Yes,False,irregular water supply schedule affecting kalmunaikudi  residents
C0208,Illegal dumping of construction waste near Kalmunaikudi 09,Waste,High,Kalmunaikudi 09,15,6/4/2026 16:00,Waste Collection & Recycling Unit,Pending,English,Yes,False,illegal dumping of construction waste near kalmunaikudi
C0209,Water meter reading appears incorrect for Chenaikudiyiruppu 01 household,Water,Low,Chenaikudiyiruppu 01,8,6/2/2026 06:00,National Water Supply & Drainage Board,In Progress,English,No,False,water meter reading appears incorrect for chenaikudiyiruppu  household
C0210,"Drain blocked after heavy rain near Kalmunaikudi 01, causing flooding",Drainage,High,Kalmunaikudi 01,12,6/15/2026 02:00,Public Works Division,In Progress,English,Yes,False,drain blocked after heavy rain near kalmunaikudi  causing flooding
C0211,"Jetty in poor condition near Sainthamaruthu 16, unsafe for boarding",Boat,Medium,Sainthamaruthu 16,23,5/20/2026 13:00,Boat Services Unit,In Progress,English,No,True,jetty in poor condition near sainthamaruthu  unsafe for boarding
C0212,Bad smell from uncollected garbage near Maruthamunai 01 residential area,Waste,Medium,Maruthamunai 01,3,6/15/2026 23:00,Waste Collection & Recycling Unit,Pending,English,Yes,False,bad smell from uncollected garbage near maruthamunai  residential area
C0213,Large pothole on main road near Sainthamaruthu 13 causing accidents,Road,High,Sainthamaruthu 13,22,7/3/2026 15:00,Public Works Division,Pending,English,No,True,large pothole on main road near sainthamaruthu  causing accidents
C0214,Public notice board missing near Maruthamunai 06 bus stand,Public,Low,Maruthamunai 06,5,6/7/2026 12:00,Public Assistance Department,Pending,English,Yes,False,public notice board missing near maruthamunai  bus stand
C0215,Public restroom near Kalmunaikudi 10 in poor hygienic condition,Public,Medium,Kalmunaikudi 10,16,5/9/2026 00:00,Public Assistance Department,Pending,English,No,False,public restroom near kalmunaikudi  in poor hygienic condition
C0216,Requesting rate remission for vacant property in Kalmunaikudi 06,Billing,Low,Kalmunaikudi 06,14,5/8/2026 18:00,Assessment Department,In Progress,English,Yes,False,requesting rate remission for vacant property in kalmunaikudi
C0217,Public notice board missing near Kalmunai 01 bus stand,Public,Low,Kalmunai 01,11,6/13/2026 09:00,Public Assistance Department,In Progress,English,Yes,False,public notice board missing near kalmunai  bus stand
C0218,Overflowing bin attracting stray animals near Sainthamaruthu 04 school,Waste,High,Sainthamaruthu 04,19,5/8/2026 06:00,Waste Collection & Recycling Unit,Pending,English,No,False,overflowing bin attracting stray animals near sainthamaruthu  school
C0219,Late payment surcharge applied incorrectly on Kalmunaikudi 11 property rates,Billing,High,Kalmunaikudi 11,16,6/28/2026 23:00,Assessment Department,In Progress,English,No,False,late payment surcharge applied incorrectly on kalmunaikudi  property rates
C0220,Boat mooring point damaged near Pandiruppu 01 harbor,Boat,High,Pandiruppu 01,6,6/25/2026 01:00,Boat Services Unit,In Progress,English,Yes,False,boat mooring point damaged near pandiruppu  harbor
C0221,"Waste bin lid broken, causing littering near Pandiruppu 02",Waste,Low,Pandiruppu 02,10,6/25/2026 17:00,Waste Collection & Recycling Unit,Resolved,English,Yes,False,waste bin lid broken causing littering near pandiruppu
C0222,Slow drainage causing minor waterlogging near Kalmunaikudi 02,Drainage,Low,Kalmunaikudi 02,13,7/11/2026 10:00,Public Works Division,In Progress,English,Yes,False,slow drainage causing minor waterlogging near kalmunaikudi
C0223,Drain cover missing near Kalmunaikudi 12 pedestrian crossing,Drainage,High,Kalmunaikudi 12,16,6/13/2026 07:00,Public Works Division,In Progress,English,Yes,False,drain cover missing near kalmunaikudi  pedestrian crossing
C0224,Broken street light cover near Natpiddimunai 03 park,Electrical,Low,Natpiddimunai 03,9,5/8/2026 04:00,Street Lighting Unit,Resolved,English,Yes,False,broken street light cover near natpiddimunai  park
C0225,"Jetty in poor condition near Sainthamaruthu 10, unsafe for boarding",Boat,High,Sainthamaruthu 10,20,6/1/2026 00:00,Boat Services Unit,Pending,English,No,False,jetty in poor condition near sainthamaruthu  unsafe for boarding
C0226,"Park swing broken near Kalmunaikudi 14, unsafe for children",Public,Medium,Kalmunaikudi 14,17,7/30/2026 00:00,Public Assistance Department,Resolved,English,No,False,park swing broken near kalmunaikudi  unsafe for children
C0227,Storm drain clogged with debris near Kalmunaikudi 11 junction,Drainage,Low,Kalmunaikudi 11,16,6/17/2026 23:00,Public Works Division,Resolved,English,No,False,storm drain clogged with debris near kalmunaikudi  junction
C0228,Overflowing bin attracting stray animals near Kalmunaikudi 14 school,Waste,High,Kalmunaikudi 14,17,7/25/2026 20:00,Waste Collection & Recycling Unit,Pending,English,No,False,overflowing bin attracting stray animals near kalmunaikudi  school
C0229,"Water pipe burst near Kalmunai 01 hospital, water gushing onto road",Water,High,Kalmunai 01,11,6/9/2026 18:00,National Water Supply & Drainage Board,In Progress,English,Yes,False,water pipe burst near kalmunai  hospital water gushing onto road
C0230,No water supply in Kalmunai 02 area for two days,Water,High,Kalmunai 02,12,7/25/2026 05:00,National Water Supply & Drainage Board,Pending,English,No,False,no water supply in kalmunai  area for two days
C0231,Drainage system overflowing near Kalmunaikudi 06 residential lane,Drainage,High,Kalmunaikudi 06,14,5/30/2026 12:00,Public Works Division,Resolved,English,No,False,drainage system overflowing near kalmunaikudi  residential lane
C0232,Drainage system overflowing near Kalmunai 02 residential lane,Drainage,High,Kalmunai 02,12,5/28/2026 13:00,Public Works Division,Pending,English,No,False,drainage system overflowing near kalmunai  residential lane
C0233,Contaminated water supply reported near Natpiddymunai 03,Water,High,Natpiddymunai 03,7,6/21/2026 19:00,National Water Supply & Drainage Board,In Progress,English,Yes,False,contaminated water supply reported near natpiddymunai
C0234,Irregular water supply schedule affecting Sainthamaruthu 06 residents,Water,Low,Sainthamaruthu 06,19,7/9/2026 23:00,National Water Supply & Drainage Board,Resolved,English,Yes,False,irregular water supply schedule affecting sainthamaruthu  residents
C0235,Vandalized public signage near Maruthamunai 01 market,Public,Low,Maruthamunai 01,3,6/25/2026 23:00,Public Assistance Department,Pending,English,Yes,False,vandalized public signage near maruthamunai  market
C0236,Missing road signage near Sainthamaruthu 14 intersection,Road,Medium,Sainthamaruthu 14,23,6/22/2026 23:00,Public Works Division,In Progress,English,Yes,False,missing road signage near sainthamaruthu  intersection
C0237,Uneven road surface near Kalmunaikudi 09 causing vehicle damage,Road,Low,Kalmunaikudi 09,15,7/6/2026 20:00,Public Works Division,In Progress,English,Yes,False,uneven road surface near kalmunaikudi  causing vehicle damage
C0238,Garbage bin damaged and waste scattered near Kalmunaikudi 07 bus stand,Waste,Medium,Kalmunaikudi 07,14,7/23/2026 15:00,Waste Collection & Recycling Unit,Pending,English,Yes,False,garbage bin damaged and waste scattered near kalmunaikudi  bus stand
C0239,Litter accumulating in Kalmunaikudi 04 public park,Public,Medium,Kalmunaikudi 04,13,6/15/2026 06:00,Public Assistance Department,Pending,English,No,False,litter accumulating in kalmunaikudi  public park
C0240,Contaminated water supply reported near Kalmunaikudi 07,Water,Medium,Kalmunaikudi 07,14,6/29/2026 17:00,National Water Supply & Drainage Board,Pending,English,Yes,False,contaminated water supply reported near kalmunaikudi
C0241,Certificate of ownership request delayed for property in Natpiddymunai 01,Billing,Low,Natpiddymunai 01,7,5/16/2026 11:00,Assessment Department,Resolved,English,No,False,certificate of ownership request delayed for property in natpiddymunai
C0242,Storm damage to boat shelter near Kalmunaikudi 08 needs assessment,Boat,High,Kalmunaikudi 08,15,6/19/2026 01:00,Boat Services Unit,Pending,English,Yes,False,storm damage to boat shelter near kalmunaikudi  needs assessment
C0243,Boat license renewal fee dispute for vessel based in Natpiddymunai 04,Boat,Low,Natpiddymunai 04,7,7/21/2026 19:00,Boat Services Unit,Pending,English,Yes,False,boat license renewal fee dispute for vessel based in natpiddymunai
C0244,Damaged boat landing point near Kalmunaikudi 13 needs urgent repair,Boat,Medium,Kalmunaikudi 13,17,6/5/2026 12:00,Boat Services Unit,Pending,English,Yes,False,damaged boat landing point near kalmunaikudi  needs urgent repair
C0245,Late payment surcharge applied incorrectly on Maruthamunai 01 property rates,Billing,High,Maruthamunai 01,3,5/8/2026 03:00,Assessment Department,In Progress,English,Yes,False,late payment surcharge applied incorrectly on maruthamunai  property rates
C0246,Stamp duty payment receipt not issued for transaction in Kalmunaikudi 07,Billing,Low,Kalmunaikudi 07,14,5/12/2026 12:00,Assessment Department,Pending,English,No,False,stamp duty payment receipt not issued for transaction in kalmunaikudi
C0247,Open drain without cover poses safety risk near Kalmunaikudi 04,Drainage,High,Kalmunaikudi 04,13,5/15/2026 00:00,Public Works Division,Resolved,English,No,False,open drain without cover poses safety risk near kalmunaikudi
C0248,Broken street light cover near Kalmunaikudi 11 park,Electrical,Low,Kalmunaikudi 11,16,7/18/2026 01:00,Street Lighting Unit,Pending,English,Yes,False,broken street light cover near kalmunaikudi  park
C0249,Storm damage to boat shelter near Kalmunaikudi 08 needs assessment,Boat,Medium,Kalmunaikudi 08,15,5/31/2026 22:00,Boat Services Unit,Resolved,English,Yes,False,storm damage to boat shelter near kalmunaikudi  needs assessment
C0250,Standing water in drain breeding mosquitoes near Sainthamaruthu 04,Drainage,High,Sainthamaruthu 04,19,6/21/2026 16:00,Public Works Division,Pending,English,Yes,False,standing water in drain breeding mosquitoes near sainthamaruthu
C0251,Boat service counter closed during working hours at Kalmunai 01,Boat,Medium,Kalmunai 01,11,6/10/2026 10:00,Boat Services Unit,Pending,English,Yes,False,boat service counter closed during working hours at kalmunai
C0252,Large pothole on main road near Sainthamaruthu 03 causing accidents,Road,High,Sainthamaruthu 03,18,6/26/2026 01:00,Public Works Division,Resolved,English,No,False,large pothole on main road near sainthamaruthu  causing accidents
C0253,Street light not working near Sainthamaruthu 02 junction for a week,Electrical,Medium,Sainthamaruthu 02,19,6/6/2026 21:00,Street Lighting Unit,Pending,English,No,False,street light not working near sainthamaruthu  junction for a week
C0254,Blocked culvert causing water stagnation near Maruthamunai 01,Drainage,Medium,Maruthamunai 01,3,6/10/2026 15:00,Public Works Division,In Progress,English,Yes,False,blocked culvert causing water stagnation near maruthamunai
C0255,Standing water in drain breeding mosquitoes near Sainthamaruthu 09,Drainage,Medium,Sainthamaruthu 09,21,7/22/2026 08:00,Public Works Division,Pending,English,No,False,standing water in drain breeding mosquitoes near sainthamaruthu
C0256,Garbage bin damaged and waste scattered near Kalmunaikudi 12 bus stand,Waste,Low,Kalmunaikudi 12,16,5/31/2026 11:00,Waste Collection & Recycling Unit,Pending,English,No,False,garbage bin damaged and waste scattered near kalmunaikudi  bus stand
C0257,Drain cover missing near Kalmunaikudi 13 pedestrian crossing,Drainage,High,Kalmunaikudi 13,17,7/2/2026 11:00,Public Works Division,Pending,English,No,False,drain cover missing near kalmunaikudi  pedestrian crossing
C0258,Road divider knocked down near Kalmunaikudi 09 roundabout,Road,Low,Kalmunaikudi 09,15,5/29/2026 21:00,Public Works Division,Pending,English,No,False,road divider knocked down near kalmunaikudi  roundabout
C0259,Missing road signage near Sainthamaruthu 09 intersection,Road,Medium,Sainthamaruthu 09,21,7/17/2026 05:00,Public Works Division,Pending,English,Yes,False,missing road signage near sainthamaruthu  intersection
C0260,Uneven road surface near Maruthamunai 06 causing vehicle damage,Road,Medium,Maruthamunai 06,5,6/3/2026 12:00,Public Works Division,Pending,English,No,False,uneven road surface near maruthamunai  causing vehicle damage
C0261,Foul smell from blocked drain near Maruthamunai 01 market,Drainage,Medium,Maruthamunai 01,3,5/25/2026 21:00,Public Works Division,In Progress,English,Yes,False,foul smell from blocked drain near maruthamunai  market
C0262,Boat license renewal fee dispute for vessel based in Natpiddymunai 03,Boat,Low,Natpiddymunai 03,7,5/11/2026 14:00,Boat Services Unit,Pending,English,No,False,boat license renewal fee dispute for vessel based in natpiddymunai
C0263,Power outage reported frequently in Maruthamunai 02 area,Electrical,Medium,Maruthamunai 02,3,6/10/2026 03:00,Street Lighting Unit,Pending,English,No,False,power outage reported frequently in maruthamunai  area
C0264,Damaged walking path in Maruthamunai 05 public garden,Public,Low,Maruthamunai 05,5,5/16/2026 08:00,Public Assistance Department,Pending,English,No,False,damaged walking path in maruthamunai  public garden
C0265,Discount for early rate settlement not applied for Kalmunaikudi 09 property,Billing,Low,Kalmunaikudi 09,15,5/6/2026 17:00,Assessment Department,In Progress,English,Yes,False,discount for early rate settlement not applied for kalmunaikudi  property
C0266,Water main valve leaking near Natpiddymunai 05 intersection,Water,Medium,Natpiddymunai 05,7,5/17/2026 23:00,National Water Supply & Drainage Board,In Progress,English,No,False,water main valve leaking near natpiddymunai  intersection
C0267,Have not received assessment tax bill for Maruthamunai 01 property this quarter,Billing,Medium,Maruthamunai 01,3,7/24/2026 16:00,Assessment Department,Pending,English,Yes,False,have not received assessment tax bill for maruthamunai  property this quarter
C0268,Large pothole on main road near Periyaneelavanai 01 causing accidents,Road,High,Periyaneelavanai 01,1,6/14/2026 02:00,Public Works Division,In Progress,English,No,False,large pothole on main road near periyaneelavanai  causing accidents
C0269,"Jetty in poor condition near Kalmunaikudi 11, unsafe for boarding",Boat,High,Kalmunaikudi 11,16,6/14/2026 13:00,Boat Services Unit,Pending,English,Yes,False,jetty in poor condition near kalmunaikudi  unsafe for boarding
C0270,Damaged road surface near Periyaneelavanai 01 making travel difficult,Road,Medium,Periyaneelavanai 01,1,5/18/2026 00:00,Public Works Division,In Progress,English,No,False,damaged road surface near periyaneelavanai  making travel difficult
C0271,Property valuation for assessment tax in Kalmunaikudi 11 needs review,Billing,Medium,Kalmunaikudi 11,16,6/16/2026 08:00,Assessment Department,Pending,English,Yes,False,property valuation for assessment tax in kalmunaikudi  needs review
C0272,Playground equipment damaged near Periyaneelavanai 01 community park,Public,Medium,Periyaneelavanai 01,1,5/30/2026 07:00,Public Assistance Department,Pending,English,No,False,playground equipment damaged near periyaneelavanai  community park
C0273,Waste collection truck has not visited Sainthamaruthu 06 this week,Waste,Medium,Sainthamaruthu 06,19,5/16/2026 12:00,Waste Collection & Recycling Unit,Pending,English,No,False,waste collection truck has not visited sainthamaruthu  this week
C0274,Stamp duty payment receipt not issued for transaction in Sainthamaruthu 10,Billing,Low,Sainthamaruthu 10,20,6/5/2026 16:00,Assessment Department,In Progress,English,No,False,stamp duty payment receipt not issued for transaction in sainthamaruthu
C0275,Power outage reported frequently in Pandiruppu 01 area,Electrical,Medium,Pandiruppu 01,6,7/8/2026 03:00,Street Lighting Unit,Pending,English,No,False,power outage reported frequently in pandiruppu  area
C0276,Storm damage to boat shelter near Sainthamaruthu 16 needs assessment,Boat,High,Sainthamaruthu 16,23,7/24/2026 18:00,Boat Services Unit,Pending,English,Yes,False,storm damage to boat shelter near sainthamaruthu  needs assessment
C0277,Irregular water supply schedule affecting Kalmunaikudi 07 residents,Water,Low,Kalmunaikudi 07,14,7/20/2026 11:00,National Water Supply & Drainage Board,Pending,English,No,False,irregular water supply schedule affecting kalmunaikudi  residents
C0278,Broken street light cover near Kalmunaikudi 13 park,Electrical,Medium,Kalmunaikudi 13,17,5/20/2026 22:00,Street Lighting Unit,Pending,English,Yes,False,broken street light cover near kalmunaikudi  park
C0279,Fishing boat registration delayed at Kalmunaikudi 11 office,Boat,Low,Kalmunaikudi 11,16,6/24/2026 18:00,Boat Services Unit,Pending,English,Yes,False,fishing boat registration delayed at kalmunaikudi  office
C0280,Recycling bin missing near Kalmunaikudi 08 community center,Waste,Low,Kalmunaikudi 08,15,5/1/2026 07:00,Waste Collection & Recycling Unit,Pending,English,Yes,False,recycling bin missing near kalmunaikudi  community center
C0281,Broken street light cover near Maruthamunai 03 park,Electrical,Medium,Maruthamunai 03,4,7/30/2026 17:00,Street Lighting Unit,Pending,English,Yes,False,broken street light cover near maruthamunai  park
C0282,Water tank overflow reported near Maruthamunai 01 apartment complex,Water,Medium,Maruthamunai 01,3,7/10/2026 19:00,National Water Supply & Drainage Board,Pending,English,Yes,False,water tank overflow reported near maruthamunai  apartment complex
C0283,Late payment surcharge applied incorrectly on Kalmunaikudi 03 property rates,Billing,High,Kalmunaikudi 03,13,7/4/2026 06:00,Assessment Department,Resolved,English,Yes,False,late payment surcharge applied incorrectly on kalmunaikudi  property rates
C0284,Storm drain clogged with debris near Maruthamunai 06 junction,Drainage,Low,Maruthamunai 06,5,5/22/2026 14:00,Public Works Division,Pending,English,Yes,False,storm drain clogged with debris near maruthamunai  junction
C0285,Garbage overflowing near Kalmunai 01 market for the past three days,Waste,High,Kalmunai 01,11,5/23/2026 07:00,Waste Collection & Recycling Unit,In Progress,English,Yes,False,garbage overflowing near kalmunai  market for the past three days
C0286,Flickering street lights making Kalmunaikudi 01 road unsafe at night,Electrical,Low,Kalmunaikudi 01,12,5/4/2026 03:00,Street Lighting Unit,Pending,English,No,False,flickering street lights making kalmunaikudi  road unsafe at night
C0287,Business license fee dispute for trade stall in Sainthamaruthu 14,Billing,Medium,Sainthamaruthu 14,23,6/27/2026 15:00,Assessment Department,Resolved,English,Yes,False,business license fee dispute for trade stall in sainthamaruthu
C0288,Garbage bags left uncollected on Sainthamaruthu 03 street corner,Waste,Low,Sainthamaruthu 03,18,6/12/2026 14:00,Waste Collection & Recycling Unit,Resolved,English,Yes,True,garbage bags left uncollected on sainthamaruthu  street corner
C0289,Electric meter box left open near Natpiddymunai 04,Electrical,Medium,Natpiddymunai 04,7,5/23/2026 17:00,Street Lighting Unit,In Progress,English,Yes,False,electric meter box left open near natpiddymunai
C0290,Vandalized public signage near Sainthamaruthu 03 market,Public,Low,Sainthamaruthu 03,18,7/4/2026 02:00,Public Assistance Department,In Progress,English,Yes,False,vandalized public signage near sainthamaruthu  market
C0291,Street light pole knocked down near Kalmunai 01,Electrical,High,Kalmunai 01,11,5/18/2026 00:00,Street Lighting Unit,In Progress,English,No,False,street light pole knocked down near kalmunai
C0292,Stamp duty payment receipt not issued for transaction in Kalmunaikudi 10,Billing,Medium,Kalmunaikudi 10,16,6/20/2026 22:00,Assessment Department,Pending,English,No,False,stamp duty payment receipt not issued for transaction in kalmunaikudi
C0293,Broken fence around Kalmunaikudi 05 public playground,Public,High,Kalmunaikudi 05,14,7/22/2026 11:00,Public Assistance Department,Pending,English,No,False,broken fence around kalmunaikudi  public playground
C0294,Damaged electrical pole leaning near Sainthamaruthu 10 road,Electrical,Medium,Sainthamaruthu 10,20,6/10/2026 10:00,Street Lighting Unit,Pending,English,Yes,False,damaged electrical pole leaning near sainthamaruthu  road
C0295,Standing water in drain breeding mosquitoes near Chenaikudiyiruppu 01,Drainage,High,Chenaikudiyiruppu 01,8,6/6/2026 00:00,Public Works Division,Pending,English,Yes,False,standing water in drain breeding mosquitoes near chenaikudiyiruppu
C0296,Irregular water supply schedule affecting Sainthamaruthu 11 residents,Water,Low,Sainthamaruthu 11,22,5/4/2026 20:00,National Water Supply & Drainage Board,Pending,English,Yes,False,irregular water supply schedule affecting sainthamaruthu  residents
C0297,Low water pressure reported by residents in Sainthamaruthu 16,Water,Medium,Sainthamaruthu 16,23,7/24/2026 10:00,National Water Supply & Drainage Board,In Progress,English,No,False,low water pressure reported by residents in sainthamaruthu
C0298,Public notice board missing near Periyaneelavanai 01 bus stand,Public,Low,Periyaneelavanai 01,1,7/13/2026 05:00,Public Assistance Department,Pending,English,No,False,public notice board missing near periyaneelavanai  bus stand
C0299,Boat license renewal fee dispute for vessel based in Sainthamaruthu 09,Boat,Low,Sainthamaruthu 09,21,7/15/2026 07:00,Boat Services Unit,Pending,English,No,False,boat license renewal fee dispute for vessel based in sainthamaruthu
C0300,Faded zebra crossing markings near Kalmunaikudi 08 school,Road,Low,Kalmunaikudi 08,15,6/18/2026 06:00,Public Works Division,Pending,English,Yes,False,faded zebra crossing markings near kalmunaikudi  school
C0301,Fishing boat registration delayed at Sainthamaruthu 16 office,Boat,Low,Sainthamaruthu 16,23,6/5/2026 23:00,Boat Services Unit,Pending,English,No,False,fishing boat registration delayed at sainthamaruthu  office
C0302,Broken fence around Maruthamunai 01 public playground,Public,Medium,Maruthamunai 01,3,7/30/2026 18:00,Public Assistance Department,Pending,English,Yes,False,broken fence around maruthamunai  public playground
C0303,Overcharged on trade license renewal fee for shop in Pandiruppu 02,Billing,Low,Pandiruppu 02,10,6/23/2026 11:00,Assessment Department,Pending,English,No,False,overcharged on trade license renewal fee for shop in pandiruppu
C0304,Public notice board missing near Sainthamaruthu 13 bus stand,Public,Low,Sainthamaruthu 13,22,5/17/2026 08:00,Public Assistance Department,Resolved,English,No,False,public notice board missing near sainthamaruthu  bus stand
C0305,Public restroom near Pandiruppu 01 in poor hygienic condition,Public,Medium,Pandiruppu 01,6,7/2/2026 07:00,Public Assistance Department,Pending,English,No,False,public restroom near pandiruppu  in poor hygienic condition
C0306,Recycling bin missing near Maruthamunai 01 community center,Waste,Low,Maruthamunai 01,3,5/1/2026 14:00,Waste Collection & Recycling Unit,Pending,English,No,True,recycling bin missing near maruthamunai  community center
C0307,Have not received assessment tax bill for Sainthamaruthu 05 property this quarter,Billing,Low,Sainthamaruthu 05,21,6/6/2026 05:00,Assessment Department,In Progress,English,Yes,False,have not received assessment tax bill for sainthamaruthu  property this quarter
C0308,"Waste bin lid broken, causing littering near Sainthamaruthu 05",Waste,Low,Sainthamaruthu 05,21,5/1/2026 15:00,Waste Collection & Recycling Unit,In Progress,English,Yes,False,waste bin lid broken causing littering near sainthamaruthu
C0309,Assessment tax amount for my Periyaneelavanai 02 property seems incorrectly calculated,Billing,Medium,Periyaneelavanai 02,2,7/18/2026 22:00,Assessment Department,Pending,English,No,True,assessment tax amount for my periyaneelavanai  property seems incorrectly calculated
C0310,Have not received assessment tax bill for Maruthamunai 05 property this quarter,Billing,Medium,Maruthamunai 05,5,5/25/2026 12:00,Assessment Department,Pending,English,Yes,False,have not received assessment tax bill for maruthamunai  property this quarter
C0311,Public notice board missing near Sainthamaruthu 15 bus stand,Public,Low,Sainthamaruthu 15,22,7/7/2026 16:00,Public Assistance Department,Pending,English,Yes,False,public notice board missing near sainthamaruthu  bus stand
C0312,Damaged electrical pole leaning near Sainthamaruthu 08 road,Electrical,High,Sainthamaruthu 08,20,5/4/2026 01:00,Street Lighting Unit,Pending,English,No,False,damaged electrical pole leaning near sainthamaruthu  road
C0313,Leaking water pipe wasting water near Kalmunaikudi 03 junction,Water,Medium,Kalmunaikudi 03,13,5/9/2026 00:00,National Water Supply & Drainage Board,Pending,English,No,False,leaking water pipe wasting water near kalmunaikudi  junction
C0314,Boat parking area overcrowded near Sainthamaruthu 06 harbor,Boat,Low,Sainthamaruthu 06,19,6/21/2026 06:00,Boat Services Unit,In Progress,English,No,False,boat parking area overcrowded near sainthamaruthu  harbor
C0315,Bad smell from uncollected garbage near Natpiddymunai 04 residential area,Waste,Medium,Natpiddymunai 04,7,7/29/2026 17:00,Waste Collection & Recycling Unit,In Progress,English,No,False,bad smell from uncollected garbage near natpiddymunai  residential area
C0316,Contaminated water supply reported near Kalmunaikudi 13,Water,High,Kalmunaikudi 13,17,5/21/2026 02:00,National Water Supply & Drainage Board,Pending,English,No,False,contaminated water supply reported near kalmunaikudi
C0317,Standing water in drain breeding mosquitoes near Maruthamunai 03,Drainage,High,Maruthamunai 03,4,7/5/2026 17:00,Public Works Division,In Progress,English,No,False,standing water in drain breeding mosquitoes near maruthamunai
C0318,Broken fence around Sainthamaruthu 13 public playground,Public,Medium,Sainthamaruthu 13,22,7/12/2026 09:00,Public Assistance Department,In Progress,English,No,False,broken fence around sainthamaruthu  public playground
C0319,Broken public bench near Maruthamunai 05 park needs replacement,Public,Low,Maruthamunai 05,5,6/27/2026 19:00,Public Assistance Department,In Progress,English,Yes,False,broken public bench near maruthamunai  park needs replacement
C0320,Late payment surcharge applied incorrectly on Periyaneelavanai 02 property rates,Billing,High,Periyaneelavanai 02,2,6/23/2026 16:00,Assessment Department,In Progress,English,Yes,False,late payment surcharge applied incorrectly on periyaneelavanai  property rates
C0321,Property valuation for assessment tax in Natpiddymunai 02 needs review,Billing,Medium,Natpiddymunai 02,7,7/17/2026 11:00,Assessment Department,In Progress,English,Yes,False,property valuation for assessment tax in natpiddymunai  needs review
C0322,Exposed electrical wiring near Maruthamunai 04 poses safety hazard,Electrical,High,Maruthamunai 04,4,6/7/2026 19:00,Street Lighting Unit,Pending,English,No,False,exposed electrical wiring near maruthamunai  poses safety hazard
C0323,Litter accumulating in Maruthamunai 05 public park,Public,Medium,Maruthamunai 05,5,5/10/2026 22:00,Public Assistance Department,Resolved,English,Yes,False,litter accumulating in maruthamunai  public park
C0324,Open drain without cover poses safety risk near Natpiddymunai 02,Drainage,High,Natpiddymunai 02,7,5/9/2026 16:00,Public Works Division,In Progress,English,Yes,False,open drain without cover poses safety risk near natpiddymunai
C0325,Public water fountain not working near Maruthamunai 04 park,Public,Low,Maruthamunai 04,4,6/10/2026 04:00,Public Assistance Department,In Progress,English,No,True,public water fountain not working near maruthamunai  park
C0326,Requesting rate remission for vacant property in Sainthamaruthu 11,Billing,Low,Sainthamaruthu 11,22,5/17/2026 11:00,Assessment Department,Resolved,English,No,False,requesting rate remission for vacant property in sainthamaruthu
C0327,Have not received assessment tax bill for Pandiruppu 01 property this quarter,Billing,Medium,Pandiruppu 01,6,5/27/2026 19:00,Assessment Department,Pending,English,Yes,False,have not received assessment tax bill for pandiruppu  property this quarter
C0328,Overcharged on trade license renewal fee for shop in Kalmunaikudi 09,Billing,Medium,Kalmunaikudi 09,15,6/18/2026 03:00,Assessment Department,Pending,English,No,False,overcharged on trade license renewal fee for shop in kalmunaikudi
C0329,Flickering street lights making Maruthamunai 05 road unsafe at night,Electrical,High,Maruthamunai 05,5,6/6/2026 21:00,Street Lighting Unit,Pending,English,Yes,False,flickering street lights making maruthamunai  road unsafe at night
C0330,Damaged walking path in Kalmunai 03 public garden,Public,Low,Kalmunai 03,12,5/30/2026 04:00,Public Assistance Department,In Progress,English,No,False,damaged walking path in kalmunai  public garden
C0331,Vandalized public signage near Sainthamaruthu 09 market,Public,Low,Sainthamaruthu 09,21,5/29/2026 07:00,Public Assistance Department,Pending,English,No,False,vandalized public signage near sainthamaruthu  market
C0332,Boat service counter closed during working hours at Sainthamaruthu 15,Boat,Low,Sainthamaruthu 15,22,5/12/2026 01:00,Boat Services Unit,Pending,English,No,False,boat service counter closed during working hours at sainthamaruthu
C0333,Broken street light cover near Kalmunaikudi 13 park,Electrical,Low,Kalmunaikudi 13,17,7/31/2026 13:00,Street Lighting Unit,In Progress,English,Yes,False,broken street light cover near kalmunaikudi  park
C0334,Flickering street lights making Sainthamaruthu 16 road unsafe at night,Electrical,Medium,Sainthamaruthu 16,23,6/9/2026 17:00,Street Lighting Unit,In Progress,English,No,False,flickering street lights making sainthamaruthu  road unsafe at night
C0335,"Jetty in poor condition near Sainthamaruthu 05, unsafe for boarding",Boat,High,Sainthamaruthu 05,21,6/6/2026 14:00,Boat Services Unit,Pending,English,Yes,False,jetty in poor condition near sainthamaruthu  unsafe for boarding
C0336,Water tank overflow reported near Sainthamaruthu 03 apartment complex,Water,Medium,Sainthamaruthu 03,18,7/7/2026 03:00,National Water Supply & Drainage Board,Pending,English,Yes,False,water tank overflow reported near sainthamaruthu  apartment complex
C0337,Stamp duty payment receipt not issued for transaction in Maruthamunai 01,Billing,Low,Maruthamunai 01,3,7/1/2026 23:00,Assessment Department,Pending,English,No,False,stamp duty payment receipt not issued for transaction in maruthamunai
C0338,"Water pipe burst near Sainthamaruthu 14 hospital, water gushing onto road",Water,Medium,Sainthamaruthu 14,23,6/24/2026 16:00,National Water Supply & Drainage Board,In Progress,English,Yes,False,water pipe burst near sainthamaruthu  hospital water gushing onto road
C0339,Late payment surcharge applied incorrectly on Sainthamaruthu 15 property rates,Billing,High,Sainthamaruthu 15,22,6/20/2026 08:00,Assessment Department,Pending,English,Yes,False,late payment surcharge applied incorrectly on sainthamaruthu  property rates
C0340,Flickering street lights making Kalmunaikudi 02 road unsafe at night,Electrical,Medium,Kalmunaikudi 02,13,6/3/2026 11:00,Street Lighting Unit,In Progress,English,No,False,flickering street lights making kalmunaikudi  road unsafe at night
C0341,Garbage bags left uncollected on Maruthamunai 05 street corner,Waste,Low,Maruthamunai 05,5,7/10/2026 21:00,Waste Collection & Recycling Unit,Resolved,English,Yes,False,garbage bags left uncollected on maruthamunai  street corner
C0342,Storm drain clogged with debris near Kalmunai 01 junction,Drainage,Medium,Kalmunai 01,11,5/10/2026 11:00,Public Works Division,In Progress,English,Yes,False,storm drain clogged with debris near kalmunai  junction
C0343,Request for new mooring space near Kalmunai 02 fishing harbor,Boat,Medium,Kalmunai 02,12,6/3/2026 07:00,Boat Services Unit,Pending,English,No,True,request for new mooring space near kalmunai  fishing harbor
C0344,No water supply in Sainthamaruthu 12 area for two days,Water,Medium,Sainthamaruthu 12,20,6/14/2026 20:00,National Water Supply & Drainage Board,Pending,English,Yes,False,no water supply in sainthamaruthu  area for two days
C0345,Street light pole knocked down near Sainthamaruthu 05,Electrical,Medium,Sainthamaruthu 05,21,6/29/2026 14:00,Street Lighting Unit,In Progress,English,Yes,True,street light pole knocked down near sainthamaruthu
C0346,Flickering street lights making Sainthamaruthu 02 road unsafe at night,Electrical,Medium,Sainthamaruthu 02,19,7/8/2026 07:00,Street Lighting Unit,Pending,English,Yes,False,flickering street lights making sainthamaruthu  road unsafe at night
C0347,Water main valve leaking near Maruthamunai 05 intersection,Water,Medium,Maruthamunai 05,5,5/12/2026 01:00,National Water Supply & Drainage Board,Pending,English,Yes,False,water main valve leaking near maruthamunai  intersection
C0348,Broken pavement tiles near Kalmunaikudi 12 making walking unsafe,Road,Low,Kalmunaikudi 12,16,5/12/2026 02:00,Public Works Division,Pending,English,Yes,False,broken pavement tiles near kalmunaikudi  making walking unsafe
C0349,Litter accumulating in Kalmunaikudi 08 public park,Public,Low,Kalmunaikudi 08,15,6/29/2026 15:00,Public Assistance Department,In Progress,English,No,False,litter accumulating in kalmunaikudi  public park
C0350,No water supply in Kalmunai 02 area for two days,Water,Medium,Kalmunai 02,12,6/19/2026 14:00,National Water Supply & Drainage Board,Pending,English,Yes,False,no water supply in kalmunai  area for two days
C0351,Property valuation for assessment tax in Sainthamaruthu 03 needs review,Billing,High,Sainthamaruthu 03,18,7/7/2026 07:00,Assessment Department,Pending,English,Yes,False,property valuation for assessment tax in sainthamaruthu  needs review
C0352,Slow drainage causing minor waterlogging near Natpiddymunai 01,Drainage,Low,Natpiddymunai 01,7,5/6/2026 04:00,Public Works Division,Pending,English,Yes,False,slow drainage causing minor waterlogging near natpiddymunai
C0353,Broken public bench near Kalmunaikudi 10 park needs replacement,Public,Medium,Kalmunaikudi 10,16,6/18/2026 01:00,Public Assistance Department,In Progress,English,No,False,broken public bench near kalmunaikudi  park needs replacement
C0354,Discount for early rate settlement not applied for Kalmunaikudi 05 property,Billing,Low,Kalmunaikudi 05,14,7/17/2026 06:00,Assessment Department,Pending,English,Yes,False,discount for early rate settlement not applied for kalmunaikudi  property
C0355,Damaged electrical pole leaning near Maruthamunai 01 road,Electrical,High,Maruthamunai 01,3,7/12/2026 02:00,Street Lighting Unit,Pending,English,Yes,False,damaged electrical pole leaning near maruthamunai  road
C0356,Storm damage to boat shelter near Kalmunaikudi 11 needs assessment,Boat,Medium,Kalmunaikudi 11,16,6/5/2026 14:00,Boat Services Unit,Pending,English,No,False,storm damage to boat shelter near kalmunaikudi  needs assessment
C0357,Garbage bags left uncollected on Kalmunaikudi 13 street corner,Waste,Low,Kalmunaikudi 13,17,5/25/2026 00:00,Waste Collection & Recycling Unit,Pending,English,No,False,garbage bags left uncollected on kalmunaikudi  street corner
C0358,Large pothole on main road near Kalmunaikudi 07 causing accidents,Road,High,Kalmunaikudi 07,14,5/12/2026 09:00,Public Works Division,Resolved,English,Yes,False,large pothole on main road near kalmunaikudi  causing accidents
C0359,Power outage reported frequently in Sainthamaruthu 16 area,Electrical,Medium,Sainthamaruthu 16,23,6/11/2026 13:00,Street Lighting Unit,In Progress,English,No,False,power outage reported frequently in sainthamaruthu  area
C0360,Cracked drain pipe near Pandiruppu 01 needs repair,Drainage,Low,Pandiruppu 01,6,6/21/2026 16:00,Public Works Division,In Progress,English,No,False,cracked drain pipe near pandiruppu  needs repair
C0361,Road divider knocked down near Kalmunaikudi 13 roundabout,Road,Low,Kalmunaikudi 13,17,7/23/2026 07:00,Public Works Division,Resolved,English,Yes,False,road divider knocked down near kalmunaikudi  roundabout
C0362,No water supply in Sainthamaruthu 13 area for two days,Water,High,Sainthamaruthu 13,22,5/13/2026 07:00,National Water Supply & Drainage Board,Resolved,English,No,False,no water supply in sainthamaruthu  area for two days
C0363,Blocked culvert causing water stagnation near Pandiruppu 02,Drainage,Medium,Pandiruppu 02,10,6/17/2026 12:00,Public Works Division,In Progress,English,No,False,blocked culvert causing water stagnation near pandiruppu
C0364,Cracked drain pipe near Sainthamaruthu 05 needs repair,Drainage,Low,Sainthamaruthu 05,21,7/25/2026 10:00,Public Works Division,Pending,English,Yes,False,cracked drain pipe near sainthamaruthu  needs repair
C0365,Leaking water pipe wasting water near Kalmunaikudi 11 junction,Water,Medium,Kalmunaikudi 11,16,6/17/2026 09:00,National Water Supply & Drainage Board,In Progress,English,No,False,leaking water pipe wasting water near kalmunaikudi  junction
C0366,Vandalized public signage near Periyaneelavanai 01 market,Public,Low,Periyaneelavanai 01,1,7/1/2026 15:00,Public Assistance Department,In Progress,English,Yes,False,vandalized public signage near periyaneelavanai  market
C0367,"Park swing broken near Sainthamaruthu 15, unsafe for children",Public,Medium,Sainthamaruthu 15,22,5/27/2026 01:00,Public Assistance Department,Pending,English,Yes,False,park swing broken near sainthamaruthu  unsafe for children
C0368,Public notice board missing near Kalmunai 03 bus stand,Public,Low,Kalmunai 03,12,7/26/2026 19:00,Public Assistance Department,Pending,English,No,False,public notice board missing near kalmunai  bus stand
C0369,Garbage overflowing near Maruthamunai 05 market for the past three days,Waste,High,Maruthamunai 05,5,5/16/2026 08:00,Waste Collection & Recycling Unit,In Progress,English,Yes,False,garbage overflowing near maruthamunai  market for the past three days
C0370,Request for new mooring space near Periyaneelavanai 01 fishing harbor,Boat,Low,Periyaneelavanai 01,1,7/25/2026 15:00,Boat Services Unit,Pending,English,No,False,request for new mooring space near periyaneelavanai  fishing harbor
C0371,Damaged road surface near Natpiddimunai 02 making travel difficult,Road,High,Natpiddimunai 02,9,7/3/2026 00:00,Public Works Division,Pending,English,Yes,False,damaged road surface near natpiddimunai  making travel difficult
C0372,"Drain blocked after heavy rain near Kalmunaikudi 04, causing flooding",Drainage,High,Kalmunaikudi 04,13,5/9/2026 20:00,Public Works Division,In Progress,English,No,False,drain blocked after heavy rain near kalmunaikudi  causing flooding
C0373,Water leakage near Natpiddymunai 04 school flooding the pavement,Water,Medium,Natpiddymunai 04,7,5/1/2026 21:00,National Water Supply & Drainage Board,Pending,English,Yes,False,water leakage near natpiddymunai  school flooding the pavement
C0374,Overflowing bin attracting stray animals near Sainthamaruthu 17 school,Waste,Medium,Sainthamaruthu 17,23,5/23/2026 05:00,Waste Collection & Recycling Unit,Resolved,English,No,False,overflowing bin attracting stray animals near sainthamaruthu  school
C0375,Requesting rate remission for vacant property in Sainthamaruthu 11,Billing,Low,Sainthamaruthu 11,22,6/7/2026 03:00,Assessment Department,Pending,English,Yes,False,requesting rate remission for vacant property in sainthamaruthu
C0376,Drainage system overflowing near Maruthamunai 03 residential lane,Drainage,High,Maruthamunai 03,4,7/10/2026 03:00,Public Works Division,Pending,English,No,False,drainage system overflowing near maruthamunai  residential lane
C0377,Street light flickering continuously near Kalmunaikudi 05 station,Electrical,Low,Kalmunaikudi 05,14,5/14/2026 14:00,Street Lighting Unit,Pending,English,Yes,False,street light flickering continuously near kalmunaikudi  station
C0378,Water main valve leaking near Sainthamaruthu 11 intersection,Water,Medium,Sainthamaruthu 11,22,5/27/2026 21:00,National Water Supply & Drainage Board,Resolved,English,Yes,False,water main valve leaking near sainthamaruthu  intersection
C0379,Low water pressure reported by residents in Kalmunaikudi 14,Water,Medium,Kalmunaikudi 14,17,5/3/2026 14:00,National Water Supply & Drainage Board,In Progress,English,Yes,False,low water pressure reported by residents in kalmunaikudi
C0380,Missing road signage near Kalmunaikudi 12 intersection,Road,Medium,Kalmunaikudi 12,16,7/16/2026 02:00,Public Works Division,Pending,English,Yes,False,missing road signage near kalmunaikudi  intersection
C0381,Flickering street lights making Kalmunaikudi 03 road unsafe at night,Electrical,High,Kalmunaikudi 03,13,5/2/2026 04:00,Street Lighting Unit,Pending,English,No,False,flickering street lights making kalmunaikudi  road unsafe at night
C0382,Litter accumulating in Pandiruppu 01 public park,Public,Low,Pandiruppu 01,6,5/17/2026 18:00,Public Assistance Department,In Progress,English,Yes,False,litter accumulating in pandiruppu  public park
C0383,Fishing boat registration delayed at Periyaneelavanai 02 office,Boat,Low,Periyaneelavanai 02,2,7/16/2026 15:00,Boat Services Unit,Pending,English,Yes,False,fishing boat registration delayed at periyaneelavanai  office
C0384,Stamp duty payment receipt not issued for transaction in Natpiddimunai 03,Billing,Low,Natpiddimunai 03,9,5/9/2026 00:00,Assessment Department,Pending,English,Yes,False,stamp duty payment receipt not issued for transaction in natpiddimunai
C0385,Foul smell from blocked drain near Maruthamunai 04 market,Drainage,Medium,Maruthamunai 04,4,6/22/2026 01:00,Public Works Division,Pending,English,Yes,False,foul smell from blocked drain near maruthamunai  market
C0386,Broken fence around Sainthamaruthu 02 public playground,Public,Medium,Sainthamaruthu 02,19,7/7/2026 20:00,Public Assistance Department,In Progress,English,No,False,broken fence around sainthamaruthu  public playground
C0387,Certificate of ownership request delayed for property in Maruthamunai 02,Billing,Low,Maruthamunai 02,3,5/6/2026 08:00,Assessment Department,Resolved,English,Yes,False,certificate of ownership request delayed for property in maruthamunai
C0388,Damaged road surface near Maruthamunai 06 making travel difficult,Road,High,Maruthamunai 06,5,6/3/2026 15:00,Public Works Division,Pending,English,Yes,False,damaged road surface near maruthamunai  making travel difficult
C0389,Damaged road surface near Kalmunaikudi 02 making travel difficult,Road,High,Kalmunaikudi 02,13,7/14/2026 21:00,Public Works Division,In Progress,English,Yes,False,damaged road surface near kalmunaikudi  making travel difficult
C0390,Overflowing bin attracting stray animals near Sainthamaruthu 16 school,Waste,High,Sainthamaruthu 16,23,6/30/2026 22:00,Waste Collection & Recycling Unit,Pending,English,Yes,False,overflowing bin attracting stray animals near sainthamaruthu  school
C0391,Water tank overflow reported near Kalmunaikudi 08 apartment complex,Water,Medium,Kalmunaikudi 08,15,5/16/2026 06:00,National Water Supply & Drainage Board,Pending,English,No,False,water tank overflow reported near kalmunaikudi  apartment complex
C0392,Road crack widening near Sainthamaruthu 01 junction after recent rain,Road,Medium,Sainthamaruthu 01,18,7/23/2026 08:00,Public Works Division,Pending,English,No,True,road crack widening near sainthamaruthu  junction after recent rain
C0393,Bad smell from uncollected garbage near Maruthamunai 01 residential area,Waste,Medium,Maruthamunai 01,3,7/23/2026 06:00,Waste Collection & Recycling Unit,Pending,English,Yes,False,bad smell from uncollected garbage near maruthamunai  residential area
C0394,Recycling bin missing near Sainthamaruthu 16 community center,Waste,Low,Sainthamaruthu 16,23,6/10/2026 09:00,Waste Collection & Recycling Unit,In Progress,English,Yes,False,recycling bin missing near sainthamaruthu  community center
C0395,Public notice board missing near Sainthamaruthu 17 bus stand,Public,Medium,Sainthamaruthu 17,23,5/18/2026 09:00,Public Assistance Department,Pending,English,Yes,False,public notice board missing near sainthamaruthu  bus stand
C0396,Electric meter box left open near Maruthamunai 01,Electrical,Medium,Maruthamunai 01,3,7/22/2026 00:00,Street Lighting Unit,Pending,English,Yes,False,electric meter box left open near maruthamunai
C0397,Road caved in slightly near Maruthamunai 04 after water damage,Road,High,Maruthamunai 04,4,5/30/2026 12:00,Public Works Division,Pending,English,Yes,False,road caved in slightly near maruthamunai  after water damage
C0398,Flickering street lights making Kalmunaikudi 02 road unsafe at night,Electrical,Medium,Kalmunaikudi 02,13,7/27/2026 10:00,Street Lighting Unit,Pending,English,No,False,flickering street lights making kalmunaikudi  road unsafe at night
C0399,Street light flickering continuously near Periyaneelavanai 01 station,Electrical,Low,Periyaneelavanai 01,1,7/7/2026 07:00,Street Lighting Unit,Pending,English,Yes,False,street light flickering continuously near periyaneelavanai  station
C0400,Overflowing bin attracting stray animals near Periyaneelavanai 01 school,Waste,High,Periyaneelavanai 01,1,5/20/2026 22:00,Waste Collection & Recycling Unit,Pending,English,No,False,overflowing bin attracting stray animals near periyaneelavanai  school
C0401,Street light pole knocked down near Kalmunaikudi 10,Electrical,High,Kalmunaikudi 10,16,5/5/2026 06:00,Street Lighting Unit,Resolved,English,Yes,False,street light pole knocked down near kalmunaikudi
C0402,Electric meter box left open near Kalmunaikudi 05,Electrical,Medium,Kalmunaikudi 05,14,5/10/2026 06:00,Street Lighting Unit,Pending,English,No,False,electric meter box left open near kalmunaikudi
C0403,Standing water in drain breeding mosquitoes near Maruthamunai 03,Drainage,High,Maruthamunai 03,4,5/29/2026 07:00,Public Works Division,Pending,English,No,False,standing water in drain breeding mosquitoes near maruthamunai
C0404,Road caved in slightly near Sainthamaruthu 16 after water damage,Road,High,Sainthamaruthu 16,23,5/23/2026 16:00,Public Works Division,In Progress,English,Yes,False,road caved in slightly near sainthamaruthu  after water damage
C0405,Low water pressure reported by residents in Pandiruppu 01,Water,Medium,Pandiruppu 01,6,6/15/2026 05:00,National Water Supply & Drainage Board,In Progress,English,Yes,False,low water pressure reported by residents in pandiruppu
C0406,Broken fence around Maruthamunai 06 public playground,Public,Medium,Maruthamunai 06,5,5/26/2026 17:00,Public Assistance Department,Resolved,English,Yes,False,broken fence around maruthamunai  public playground
C0407,"Water pipe burst near Natpiddymunai 01 hospital, water gushing onto road",Water,High,Natpiddymunai 01,7,5/21/2026 21:00,National Water Supply & Drainage Board,Pending,English,No,False,water pipe burst near natpiddymunai  hospital water gushing onto road
C0408,Public restroom near Maruthamunai 04 in poor hygienic condition,Public,Medium,Maruthamunai 04,4,5/30/2026 00:00,Public Assistance Department,Resolved,English,Yes,True,public restroom near maruthamunai  in poor hygienic condition
C0409,Damaged road surface near Periyaneelavanai 02 making travel difficult,Road,Medium,Periyaneelavanai 02,2,5/10/2026 04:00,Public Works Division,Resolved,English,No,False,damaged road surface near periyaneelavanai  making travel difficult
C0410,Fishing boat registration delayed at Sainthamaruthu 16 office,Boat,Low,Sainthamaruthu 16,23,5/22/2026 13:00,Boat Services Unit,Pending,English,Yes,False,fishing boat registration delayed at sainthamaruthu  office
C0411,Blocked culvert causing water stagnation near Sainthamaruthu 17,Drainage,Medium,Sainthamaruthu 17,23,6/26/2026 21:00,Public Works Division,In Progress,English,No,False,blocked culvert causing water stagnation near sainthamaruthu
C0412,Road crack widening near Periyaneelavanai 02 junction after recent rain,Road,Medium,Periyaneelavanai 02,2,5/9/2026 22:00,Public Works Division,Pending,English,No,False,road crack widening near periyaneelavanai  junction after recent rain
C0413,"Park swing broken near Maruthamunai 01, unsafe for children",Public,Medium,Maruthamunai 01,3,7/10/2026 08:00,Public Assistance Department,Pending,English,No,False,park swing broken near maruthamunai  unsafe for children
C0414,Discount for early rate settlement not applied for Periyaneelavanai 02 property,Billing,Low,Periyaneelavanai 02,2,5/27/2026 16:00,Assessment Department,Pending,English,Yes,False,discount for early rate settlement not applied for periyaneelavanai  property
C0415,Broken pavement tiles near Pandiruppu 02 making walking unsafe,Road,Medium,Pandiruppu 02,10,6/10/2026 00:00,Public Works Division,In Progress,English,Yes,False,broken pavement tiles near pandiruppu  making walking unsafe
C0416,Boat mooring point damaged near Maruthamunai 04 harbor,Boat,Medium,Maruthamunai 04,4,6/21/2026 01:00,Boat Services Unit,Pending,English,Yes,False,boat mooring point damaged near maruthamunai  harbor
C0417,Electric meter box left open near Sainthamaruthu 15,Electrical,High,Sainthamaruthu 15,22,7/15/2026 20:00,Street Lighting Unit,Pending,English,No,False,electric meter box left open near sainthamaruthu
C0418,No lighting at Sainthamaruthu 01 boat launch area at night,Boat,Medium,Sainthamaruthu 01,18,5/22/2026 06:00,Boat Services Unit,Pending,English,Yes,False,no lighting at sainthamaruthu  boat launch area at night
C0419,Waste collection truck has not visited Maruthamunai 02 this week,Waste,Medium,Maruthamunai 02,3,5/23/2026 14:00,Waste Collection & Recycling Unit,Pending,English,Yes,False,waste collection truck has not visited maruthamunai  this week
C0420,Open drain without cover poses safety risk near Chenaikudiyiruppu 01,Drainage,High,Chenaikudiyiruppu 01,8,5/6/2026 10:00,Public Works Division,Pending,English,No,False,open drain without cover poses safety risk near chenaikudiyiruppu
C0421,Broken street light cover near Sainthamaruthu 16 park,Electrical,Low,Sainthamaruthu 16,23,5/23/2026 23:00,Street Lighting Unit,Resolved,English,No,False,broken street light cover near sainthamaruthu  park
C0422,Litter accumulating in Sainthamaruthu 02 public park,Public,Medium,Sainthamaruthu 02,19,6/24/2026 16:00,Public Assistance Department,In Progress,English,No,False,litter accumulating in sainthamaruthu  public park
C0423,Flickering street lights making Kalmunaikudi 13 road unsafe at night,Electrical,Medium,Kalmunaikudi 13,17,5/22/2026 05:00,Street Lighting Unit,Pending,English,Yes,False,flickering street lights making kalmunaikudi  road unsafe at night
C0424,Recycling bin missing near Kalmunaikudi 09 community center,Waste,Medium,Kalmunaikudi 09,15,7/9/2026 14:00,Waste Collection & Recycling Unit,Resolved,English,Yes,False,recycling bin missing near kalmunaikudi  community center
C0425,Storm drain clogged with debris near Maruthamunai 02 junction,Drainage,High,Maruthamunai 02,3,7/22/2026 04:00,Public Works Division,In Progress,English,No,False,storm drain clogged with debris near maruthamunai  junction
C0426,"Park swing broken near Kalmunaikudi 02, unsafe for children",Public,Medium,Kalmunaikudi 02,13,6/1/2026 07:00,Public Assistance Department,In Progress,English,No,False,park swing broken near kalmunaikudi  unsafe for children
C0427,Drainage system overflowing near Sainthamaruthu 11 residential lane,Drainage,High,Sainthamaruthu 11,22,5/17/2026 21:00,Public Works Division,In Progress,English,No,False,drainage system overflowing near sainthamaruthu  residential lane
C0428,Playground equipment damaged near Sainthamaruthu 07 community park,Public,Medium,Sainthamaruthu 07,21,5/13/2026 08:00,Public Assistance Department,Pending,English,Yes,False,playground equipment damaged near sainthamaruthu  community park
C0429,"Drain blocked after heavy rain near Sainthamaruthu 09, causing flooding",Drainage,High,Sainthamaruthu 09,21,5/4/2026 03:00,Public Works Division,Pending,English,No,False,drain blocked after heavy rain near sainthamaruthu  causing flooding
C0430,Cracked drain pipe near Kalmunai 02 needs repair,Drainage,Low,Kalmunai 02,12,7/30/2026 22:00,Public Works Division,Resolved,English,Yes,False,cracked drain pipe near kalmunai  needs repair
C0431,"Jetty in poor condition near Kalmunai 03, unsafe for boarding",Boat,High,Kalmunai 03,12,7/25/2026 22:00,Boat Services Unit,Pending,English,No,False,jetty in poor condition near kalmunai  unsafe for boarding
C0432,Water meter reading appears incorrect for Kalmunaikudi 07 household,Water,Medium,Kalmunaikudi 07,14,7/16/2026 09:00,National Water Supply & Drainage Board,Pending,English,No,False,water meter reading appears incorrect for kalmunaikudi  household
C0433,Water leakage near Maruthamunai 02 school flooding the pavement,Water,Medium,Maruthamunai 02,3,6/17/2026 20:00,National Water Supply & Drainage Board,In Progress,English,No,False,water leakage near maruthamunai  school flooding the pavement
C0434,Late payment surcharge applied incorrectly on Kalmunaikudi 13 property rates,Billing,High,Kalmunaikudi 13,17,7/13/2026 14:00,Assessment Department,In Progress,English,No,False,late payment surcharge applied incorrectly on kalmunaikudi  property rates
C0435,Street light flickering continuously near Kalmunaikudi 07 station,Electrical,Medium,Kalmunaikudi 07,14,5/11/2026 04:00,Street Lighting Unit,In Progress,English,Yes,False,street light flickering continuously near kalmunaikudi  station
C0436,Water meter reading appears incorrect for Natpiddymunai 01 household,Water,Low,Natpiddymunai 01,7,5/10/2026 00:00,National Water Supply & Drainage Board,Pending,English,Yes,False,water meter reading appears incorrect for natpiddymunai  household
C0437,Vandalized public signage near Sainthamaruthu 04 market,Public,Low,Sainthamaruthu 04,19,6/28/2026 23:00,Public Assistance Department,In Progress,English,Yes,False,vandalized public signage near sainthamaruthu  market
C0438,Have not received assessment tax bill for Maruthamunai 02 property this quarter,Billing,High,Maruthamunai 02,3,7/10/2026 02:00,Assessment Department,Pending,English,Yes,False,have not received assessment tax bill for maruthamunai  property this quarter
C0439,Uneven road surface near Kalmunai 01 causing vehicle damage,Road,Low,Kalmunai 01,11,5/15/2026 21:00,Public Works Division,Pending,English,No,False,uneven road surface near kalmunai  causing vehicle damage
C0440,Overflowing bin attracting stray animals near Periyaneelavanai 01 school,Waste,High,Periyaneelavanai 01,1,5/20/2026 09:00,Waste Collection & Recycling Unit,Pending,English,No,False,overflowing bin attracting stray animals near periyaneelavanai  school
C0441,Water leakage near Natpiddymunai 04 school flooding the pavement,Water,Low,Natpiddymunai 04,7,5/30/2026 22:00,National Water Supply & Drainage Board,Pending,English,Yes,False,water leakage near natpiddymunai  school flooding the pavement
C0442,Discount for early rate settlement not applied for Kalmunaikudi 10 property,Billing,Low,Kalmunaikudi 10,16,6/6/2026 00:00,Assessment Department,Pending,English,No,False,discount for early rate settlement not applied for kalmunaikudi  property
C0443,Late payment surcharge applied incorrectly on Natpiddymunai 02 property rates,Billing,High,Natpiddymunai 02,7,5/27/2026 01:00,Assessment Department,Pending,English,Yes,False,late payment surcharge applied incorrectly on natpiddymunai  property rates
C0444,Garbage bin damaged and waste scattered near Sainthamaruthu 13 bus stand,Waste,Medium,Sainthamaruthu 13,22,6/10/2026 04:00,Waste Collection & Recycling Unit,Pending,English,No,False,garbage bin damaged and waste scattered near sainthamaruthu  bus stand
C0445,Electric meter box left open near Maruthamunai 02,Electrical,Medium,Maruthamunai 02,3,7/24/2026 04:00,Street Lighting Unit,In Progress,English,Yes,False,electric meter box left open near maruthamunai
C0446,Boat service counter closed during working hours at Chenaikudiyiruppu 01,Boat,Medium,Chenaikudiyiruppu 01,8,6/18/2026 17:00,Boat Services Unit,Pending,English,No,False,boat service counter closed during working hours at chenaikudiyiruppu
C0447,Open drain without cover poses safety risk near Sainthamaruthu 13,Drainage,High,Sainthamaruthu 13,22,5/19/2026 17:00,Public Works Division,Resolved,English,Yes,False,open drain without cover poses safety risk near sainthamaruthu
C0448,"Drain blocked after heavy rain near Kalmunaikudi 06, causing flooding",Drainage,Medium,Kalmunaikudi 06,14,5/15/2026 08:00,Public Works Division,In Progress,English,Yes,False,drain blocked after heavy rain near kalmunaikudi  causing flooding
C0449,Road caved in slightly near Sainthamaruthu 11 after water damage,Road,High,Sainthamaruthu 11,22,6/1/2026 15:00,Public Works Division,Pending,English,Yes,False,road caved in slightly near sainthamaruthu  after water damage
C0450,Speed bump damaged near Kalmunaikudi 08 residential entrance,Road,Low,Kalmunaikudi 08,15,7/15/2026 21:00,Public Works Division,Pending,English,No,False,speed bump damaged near kalmunaikudi  residential entrance
C0451,Requesting rate remission for vacant property in Kalmunaikudi 05,Billing,Medium,Kalmunaikudi 05,14,5/10/2026 17:00,Assessment Department,In Progress,English,No,False,requesting rate remission for vacant property in kalmunaikudi
C0452,Water main valve leaking near Sainthamaruthu 14 intersection,Water,High,Sainthamaruthu 14,23,6/9/2026 21:00,National Water Supply & Drainage Board,Pending,English,Yes,False,water main valve leaking near sainthamaruthu  intersection
C0453,Faded zebra crossing markings near Sainthamaruthu 06 school,Road,Low,Sainthamaruthu 06,19,5/14/2026 23:00,Public Works Division,In Progress,English,Yes,False,faded zebra crossing markings near sainthamaruthu  school
C0454,Assessment tax amount for my Kalmunaikudi 04 property seems incorrectly calculated,Billing,Medium,Kalmunaikudi 04,13,7/29/2026 09:00,Assessment Department,Pending,English,Yes,False,assessment tax amount for my kalmunaikudi  property seems incorrectly calculated
C0455,Road caved in slightly near Periyaneelavanai 02 after water damage,Road,High,Periyaneelavanai 02,2,7/23/2026 07:00,Public Works Division,In Progress,English,Yes,False,road caved in slightly near periyaneelavanai  after water damage
C0456,Low water pressure reported by residents in Pandiruppu 01,Water,Medium,Pandiruppu 01,6,7/10/2026 18:00,National Water Supply & Drainage Board,In Progress,English,No,False,low water pressure reported by residents in pandiruppu
C0457,Business license fee dispute for trade stall in Sainthamaruthu 06,Billing,High,Sainthamaruthu 06,19,6/17/2026 00:00,Assessment Department,Pending,English,No,False,business license fee dispute for trade stall in sainthamaruthu
C0458,Broken public bench near Kalmunaikudi 11 park needs replacement,Public,Low,Kalmunaikudi 11,16,7/15/2026 18:00,Public Assistance Department,Pending,English,No,False,broken public bench near kalmunaikudi  park needs replacement
C0459,Garbage bin damaged and waste scattered near Natpiddymunai 03 bus stand,Waste,Medium,Natpiddymunai 03,7,5/5/2026 21:00,Waste Collection & Recycling Unit,Pending,English,Yes,True,garbage bin damaged and waste scattered near natpiddymunai  bus stand
C0460,Playground equipment damaged near Natpiddimunai 02 community park,Public,Medium,Natpiddimunai 02,9,7/6/2026 03:00,Public Assistance Department,Pending,English,Yes,False,playground equipment damaged near natpiddimunai  community park
C0461,Bad smell from uncollected garbage near Kalmunaikudi 02 residential area,Waste,Medium,Kalmunaikudi 02,13,6/23/2026 12:00,Waste Collection & Recycling Unit,Pending,English,No,False,bad smell from uncollected garbage near kalmunaikudi  residential area
C0462,Litter accumulating in Natpiddymunai 01 public park,Public,Low,Natpiddymunai 01,7,5/3/2026 15:00,Public Assistance Department,Pending,English,No,False,litter accumulating in natpiddymunai  public park
C0463,Assessment tax amount for my Natpiddymunai 01 property seems incorrectly calculated,Billing,Medium,Natpiddymunai 01,7,5/22/2026 20:00,Assessment Department,In Progress,English,Yes,False,assessment tax amount for my natpiddymunai  property seems incorrectly calculated
C0464,Damaged electrical pole leaning near Sainthamaruthu 06 road,Electrical,High,Sainthamaruthu 06,19,5/1/2026 20:00,Street Lighting Unit,Pending,English,No,False,damaged electrical pole leaning near sainthamaruthu  road
C0465,"Jetty in poor condition near Sainthamaruthu 06, unsafe for boarding",Boat,Medium,Sainthamaruthu 06,19,7/31/2026 13:00,Boat Services Unit,In Progress,English,Yes,False,jetty in poor condition near sainthamaruthu  unsafe for boarding
C0466,Uneven road surface near Kalmunaikudi 06 causing vehicle damage,Road,Medium,Kalmunaikudi 06,14,5/30/2026 08:00,Public Works Division,Resolved,English,Yes,False,uneven road surface near kalmunaikudi  causing vehicle damage
C0467,Business license fee dispute for trade stall in Maruthamunai 05,Billing,High,Maruthamunai 05,5,6/24/2026 12:00,Assessment Department,Resolved,English,No,False,business license fee dispute for trade stall in maruthamunai
C0468,Uneven road surface near Sainthamaruthu 08 causing vehicle damage,Road,High,Sainthamaruthu 08,20,7/23/2026 15:00,Public Works Division,Pending,English,No,False,uneven road surface near sainthamaruthu  causing vehicle damage
C0469,Uneven road surface near Sainthamaruthu 06 causing vehicle damage,Road,Medium,Sainthamaruthu 06,19,7/14/2026 07:00,Public Works Division,Resolved,English,Yes,False,uneven road surface near sainthamaruthu  causing vehicle damage
C0470,Street light not working near Sainthamaruthu 16 junction for a week,Electrical,Medium,Sainthamaruthu 16,23,5/14/2026 14:00,Street Lighting Unit,In Progress,English,Yes,False,street light not working near sainthamaruthu  junction for a week
C0471,Garbage bags left uncollected on Natpiddimunai 03 street corner,Waste,Low,Natpiddimunai 03,9,7/8/2026 17:00,Waste Collection & Recycling Unit,Pending,English,Yes,True,garbage bags left uncollected on natpiddimunai  street corner
C0472,Transformer making loud noise near Sainthamaruthu 11 residential zone,Electrical,Medium,Sainthamaruthu 11,22,7/31/2026 07:00,Street Lighting Unit,In Progress,English,No,False,transformer making loud noise near sainthamaruthu  residential zone
C0473,Public water fountain not working near Kalmunai 01 park,Public,Low,Kalmunai 01,11,5/10/2026 11:00,Public Assistance Department,In Progress,English,No,False,public water fountain not working near kalmunai  park
C0474,"Jetty in poor condition near Sainthamaruthu 12, unsafe for boarding",Boat,High,Sainthamaruthu 12,20,7/5/2026 23:00,Boat Services Unit,In Progress,English,No,False,jetty in poor condition near sainthamaruthu  unsafe for boarding
C0475,"Park swing broken near Natpiddymunai 05, unsafe for children",Public,Medium,Natpiddymunai 05,7,6/2/2026 04:00,Public Assistance Department,In Progress,English,Yes,False,park swing broken near natpiddymunai  unsafe for children
C0476,Public notice board missing near Sainthamaruthu 02 bus stand,Public,Low,Sainthamaruthu 02,19,6/26/2026 15:00,Public Assistance Department,Resolved,English,Yes,False,public notice board missing near sainthamaruthu  bus stand
C0477,Water tank overflow reported near Natpiddymunai 03 apartment complex,Water,Medium,Natpiddymunai 03,7,5/6/2026 05:00,National Water Supply & Drainage Board,Resolved,English,Yes,False,water tank overflow reported near natpiddymunai  apartment complex
C0478,Drainage system overflowing near Natpiddymunai 03 residential lane,Drainage,High,Natpiddymunai 03,7,5/14/2026 21:00,Public Works Division,Resolved,English,No,False,drainage system overflowing near natpiddymunai  residential lane
C0479,Public restroom near Sainthamaruthu 14 in poor hygienic condition,Public,High,Sainthamaruthu 14,23,5/6/2026 15:00,Public Assistance Department,Pending,English,No,False,public restroom near sainthamaruthu  in poor hygienic condition
C0480,Garbage bags left uncollected on Natpiddimunai 02 street corner,Waste,Low,Natpiddimunai 02,9,7/16/2026 05:00,Waste Collection & Recycling Unit,In Progress,English,No,False,garbage bags left uncollected on natpiddimunai  street corner
C0481,No water supply in Sainthamaruthu 04 area for two days,Water,High,Sainthamaruthu 04,19,5/1/2026 10:00,National Water Supply & Drainage Board,Pending,English,Yes,False,no water supply in sainthamaruthu  area for two days
C0482,Recycling bin missing near Natpiddymunai 03 community center,Waste,Low,Natpiddymunai 03,7,6/21/2026 13:00,Waste Collection & Recycling Unit,Resolved,English,No,False,recycling bin missing near natpiddymunai  community center
C0483,Street light not working near Sainthamaruthu 08 junction for a week,Electrical,High,Sainthamaruthu 08,20,5/31/2026 07:00,Street Lighting Unit,In Progress,English,Yes,False,street light not working near sainthamaruthu  junction for a week
C0484,Open drain without cover poses safety risk near Kalmunaikudi 03,Drainage,High,Kalmunaikudi 03,13,5/29/2026 05:00,Public Works Division,Pending,English,Yes,True,open drain without cover poses safety risk near kalmunaikudi
C0485,Storm damage to boat shelter near Sainthamaruthu 03 needs assessment,Boat,High,Sainthamaruthu 03,18,7/27/2026 12:00,Boat Services Unit,Pending,English,No,False,storm damage to boat shelter near sainthamaruthu  needs assessment
C0486,No lighting at Sainthamaruthu 13 boat launch area at night,Boat,Low,Sainthamaruthu 13,22,5/23/2026 04:00,Boat Services Unit,Resolved,English,No,False,no lighting at sainthamaruthu  boat launch area at night
C0487,Street light flickering continuously near Natpiddymunai 04 station,Electrical,Low,Natpiddymunai 04,7,7/3/2026 03:00,Street Lighting Unit,In Progress,English,Yes,False,street light flickering continuously near natpiddymunai  station
C0488,Illegal dumping of construction waste near Sainthamaruthu 05,Waste,Medium,Sainthamaruthu 05,21,7/4/2026 06:00,Waste Collection & Recycling Unit,Pending,English,Yes,False,illegal dumping of construction waste near sainthamaruthu
C0489,Water leakage near Maruthamunai 02 school flooding the pavement,Water,Medium,Maruthamunai 02,3,6/16/2026 01:00,National Water Supply & Drainage Board,Pending,English,Yes,False,water leakage near maruthamunai  school flooding the pavement
C0490,Blocked culvert causing water stagnation near Sainthamaruthu 09,Drainage,Medium,Sainthamaruthu 09,21,6/20/2026 12:00,Public Works Division,Pending,English,Yes,False,blocked culvert causing water stagnation near sainthamaruthu
C0491,Road divider knocked down near Sainthamaruthu 03 roundabout,Road,Medium,Sainthamaruthu 03,18,6/29/2026 23:00,Public Works Division,Pending,English,No,False,road divider knocked down near sainthamaruthu  roundabout
C0492,Contaminated water supply reported near Maruthamunai 06,Water,High,Maruthamunai 06,5,7/20/2026 17:00,National Water Supply & Drainage Board,Pending,English,No,False,contaminated water supply reported near maruthamunai
C0493,Transformer making loud noise near Sainthamaruthu 10 residential zone,Electrical,Medium,Sainthamaruthu 10,20,7/6/2026 19:00,Street Lighting Unit,Pending,English,Yes,False,transformer making loud noise near sainthamaruthu  residential zone
C0494,No lighting at Chenaikudiyiruppu 01 boat launch area at night,Boat,High,Chenaikudiyiruppu 01,8,7/4/2026 22:00,Boat Services Unit,In Progress,English,No,False,no lighting at chenaikudiyiruppu  boat launch area at night
C0495,"Jetty in poor condition near Maruthamunai 04, unsafe for boarding",Boat,High,Maruthamunai 04,4,7/2/2026 13:00,Boat Services Unit,Pending,English,No,False,jetty in poor condition near maruthamunai  unsafe for boarding
C0496,Flickering street lights making Natpiddimunai 03 road unsafe at night,Electrical,Medium,Natpiddimunai 03,9,7/22/2026 17:00,Street Lighting Unit,Pending,English,No,False,flickering street lights making natpiddimunai  road unsafe at night
C0497,Road caved in slightly near Sainthamaruthu 16 after water damage,Road,High,Sainthamaruthu 16,23,7/26/2026 10:00,Public Works Division,Pending,English,Yes,False,road caved in slightly near sainthamaruthu  after water damage
C0498,Garbage overflowing near Pandiruppu 01 market for the past three days,Waste,High,Pandiruppu 01,6,6/30/2026 08:00,Waste Collection & Recycling Unit,Pending,English,Yes,False,garbage overflowing near pandiruppu  market for the past three days
C0499,Road crack widening near Kalmunaikudi 02 junction after recent rain,Road,Medium,Kalmunaikudi 02,13,5/27/2026 09:00,Public Works Division,Pending,English,Yes,False,road crack widening near kalmunaikudi  junction after recent rain
C0500,Discount for early rate settlement not applied for Sainthamaruthu 16 property,Billing,Low,Sainthamaruthu 16,23,7/10/2026 12:00,Assessment Department,Resolved,English,Yes,False,discount for early rate settlement not applied for sainthamaruthu  property
C0501,Garbage bin damaged and waste scattered near Maruthamunai 05 bus stand,Waste,Medium,Maruthamunai 05,5,5/18/2026 14:00,Waste Collection & Recycling Unit,In Progress,English,No,False,garbage bin damaged and waste scattered near maruthamunai  bus stand
C0502,Late payment surcharge applied incorrectly on Sainthamaruthu 04 property rates,Billing,Medium,Sainthamaruthu 04,19,5/13/2026 16:00,Assessment Department,In Progress,English,No,False,late payment surcharge applied incorrectly on sainthamaruthu  property rates
C0503,Request for new mooring space near Maruthamunai 06 fishing harbor,Boat,Low,Maruthamunai 06,5,5/2/2026 04:00,Boat Services Unit,Pending,English,Yes,False,request for new mooring space near maruthamunai  fishing harbor
C0504,Transformer making loud noise near Kalmunaikudi 12 residential zone,Electrical,Medium,Kalmunaikudi 12,16,5/25/2026 03:00,Street Lighting Unit,In Progress,English,Yes,False,transformer making loud noise near kalmunaikudi  residential zone
C0505,No lighting at Sainthamaruthu 07 boat launch area at night,Boat,Medium,Sainthamaruthu 07,21,6/29/2026 12:00,Boat Services Unit,Pending,English,No,False,no lighting at sainthamaruthu  boat launch area at night
C0506,Garbage overflowing near Sainthamaruthu 06 market for the past three days,Waste,High,Sainthamaruthu 06,19,5/17/2026 01:00,Waste Collection & Recycling Unit,Pending,English,Yes,False,garbage overflowing near sainthamaruthu  market for the past three days
C0507,Water tank overflow reported near Kalmunai 02 apartment complex,Water,Low,Kalmunai 02,12,7/2/2026 11:00,National Water Supply & Drainage Board,Resolved,English,Yes,False,water tank overflow reported near kalmunai  apartment complex
C0508,Property valuation for assessment tax in Sainthamaruthu 17 needs review,Billing,Low,Sainthamaruthu 17,23,7/23/2026 03:00,Assessment Department,Pending,English,No,False,property valuation for assessment tax in sainthamaruthu  needs review
C0509,Request for new mooring space near Kalmunai 02 fishing harbor,Boat,Medium,Kalmunai 02,12,6/10/2026 00:00,Boat Services Unit,Pending,English,No,False,request for new mooring space near kalmunai  fishing harbor
C0510,Recycling bin missing near Kalmunaikudi 14 community center,Waste,Medium,Kalmunaikudi 14,17,5/30/2026 13:00,Waste Collection & Recycling Unit,Pending,English,No,False,recycling bin missing near kalmunaikudi  community center
C0511,Flickering street lights making Kalmunai 03 road unsafe at night,Electrical,Medium,Kalmunai 03,12,6/24/2026 09:00,Street Lighting Unit,Pending,English,Yes,False,flickering street lights making kalmunai  road unsafe at night
C0512,No lighting at Sainthamaruthu 10 boat launch area at night,Boat,Medium,Sainthamaruthu 10,20,6/4/2026 11:00,Boat Services Unit,Pending,English,No,True,no lighting at sainthamaruthu  boat launch area at night
C0513,Speed bump damaged near Kalmunaikudi 12 residential entrance,Road,Low,Kalmunaikudi 12,16,7/19/2026 19:00,Public Works Division,Pending,English,No,False,speed bump damaged near kalmunaikudi  residential entrance
C0514,Requesting rate remission for vacant property in Natpiddimunai 01,Billing,Low,Natpiddimunai 01,9,6/14/2026 08:00,Assessment Department,Pending,English,No,False,requesting rate remission for vacant property in natpiddimunai
C0515,Transformer making loud noise near Maruthamunai 05 residential zone,Electrical,Medium,Maruthamunai 05,5,5/12/2026 23:00,Street Lighting Unit,Pending,English,No,False,transformer making loud noise near maruthamunai  residential zone
C0516,Request for new mooring space near Sainthamaruthu 07 fishing harbor,Boat,Low,Sainthamaruthu 07,21,7/11/2026 11:00,Boat Services Unit,Pending,English,No,True,request for new mooring space near sainthamaruthu  fishing harbor
C0517,Recycling bin missing near Kalmunaikudi 06 community center,Waste,Low,Kalmunaikudi 06,14,5/18/2026 04:00,Waste Collection & Recycling Unit,Pending,English,Yes,False,recycling bin missing near kalmunaikudi  community center
C0518,Drainage system overflowing near Maruthamunai 05 residential lane,Drainage,High,Maruthamunai 05,5,6/7/2026 08:00,Public Works Division,In Progress,English,No,False,drainage system overflowing near maruthamunai  residential lane
C0519,Business license fee dispute for trade stall in Sainthamaruthu 09,Billing,Medium,Sainthamaruthu 09,21,6/13/2026 23:00,Assessment Department,Pending,English,No,False,business license fee dispute for trade stall in sainthamaruthu
C0520,Drainage system overflowing near Kalmunaikudi 05 residential lane,Drainage,High,Kalmunaikudi 05,14,6/23/2026 04:00,Public Works Division,Resolved,English,Yes,False,drainage system overflowing near kalmunaikudi  residential lane
C0521,Public water fountain not working near Sainthamaruthu 05 park,Public,Low,Sainthamaruthu 05,21,7/29/2026 10:00,Public Assistance Department,Pending,English,No,False,public water fountain not working near sainthamaruthu  park
C0522,Drainage system overflowing near Kalmunaikudi 11 residential lane,Drainage,High,Kalmunaikudi 11,16,6/24/2026 14:00,Public Works Division,In Progress,English,No,False,drainage system overflowing near kalmunaikudi  residential lane
C0523,Boat service counter closed during working hours at Sainthamaruthu 01,Boat,Medium,Sainthamaruthu 01,18,6/21/2026 20:00,Boat Services Unit,In Progress,English,No,False,boat service counter closed during working hours at sainthamaruthu
C0524,Faded zebra crossing markings near Sainthamaruthu 16 school,Road,Medium,Sainthamaruthu 16,23,5/6/2026 11:00,Public Works Division,Pending,English,Yes,False,faded zebra crossing markings near sainthamaruthu  school
C0525,Damaged electrical pole leaning near Sainthamaruthu 13 road,Electrical,High,Sainthamaruthu 13,22,5/7/2026 00:00,Street Lighting Unit,Resolved,English,No,False,damaged electrical pole leaning near sainthamaruthu  road
C0526,Missing road signage near Sainthamaruthu 13 intersection,Road,Medium,Sainthamaruthu 13,22,7/5/2026 14:00,Public Works Division,Pending,English,Yes,False,missing road signage near sainthamaruthu  intersection
C0527,Electric meter box left open near Kalmunaikudi 03,Electrical,Low,Kalmunaikudi 03,13,7/4/2026 12:00,Street Lighting Unit,In Progress,English,No,False,electric meter box left open near kalmunaikudi
C0528,Illegal dumping of construction waste near Kalmunaikudi 03,Waste,Medium,Kalmunaikudi 03,13,5/6/2026 05:00,Waste Collection & Recycling Unit,In Progress,English,No,False,illegal dumping of construction waste near kalmunaikudi
C0529,Waste collection truck has not visited Natpiddymunai 03 this week,Waste,Medium,Natpiddymunai 03,7,7/28/2026 11:00,Waste Collection & Recycling Unit,In Progress,English,No,False,waste collection truck has not visited natpiddymunai  this week
C0530,Vandalized public signage near Kalmunaikudi 13 market,Public,Low,Kalmunaikudi 13,17,6/13/2026 13:00,Public Assistance Department,Pending,English,No,False,vandalized public signage near kalmunaikudi  market
C0531,Open drain without cover poses safety risk near Natpiddymunai 02,Drainage,High,Natpiddymunai 02,7,5/28/2026 02:00,Public Works Division,In Progress,English,Yes,True,open drain without cover poses safety risk near natpiddymunai
C0532,Damaged road surface near Natpiddymunai 01 making travel difficult,Road,Medium,Natpiddymunai 01,7,5/16/2026 00:00,Public Works Division,Pending,English,Yes,False,damaged road surface near natpiddymunai  making travel difficult
C0533,Garbage bin damaged and waste scattered near Kalmunai 02 bus stand,Waste,Medium,Kalmunai 02,12,5/30/2026 05:00,Waste Collection & Recycling Unit,In Progress,English,No,False,garbage bin damaged and waste scattered near kalmunai  bus stand
C0534,Boat service counter closed during working hours at Kalmunaikudi 14,Boat,Medium,Kalmunaikudi 14,17,5/18/2026 20:00,Boat Services Unit,In Progress,English,Yes,False,boat service counter closed during working hours at kalmunaikudi
C0535,Irregular water supply schedule affecting Natpiddymunai 01 residents,Water,Low,Natpiddymunai 01,7,5/21/2026 17:00,National Water Supply & Drainage Board,Pending,English,Yes,False,irregular water supply schedule affecting natpiddymunai  residents
C0536,Litter accumulating in Kalmunaikudi 02 public park,Public,Low,Kalmunaikudi 02,13,6/24/2026 12:00,Public Assistance Department,Resolved,English,No,False,litter accumulating in kalmunaikudi  public park
C0537,Uncollected waste piling up along the main road in Sainthamaruthu 07,Waste,High,Sainthamaruthu 07,21,5/24/2026 16:00,Waste Collection & Recycling Unit,Pending,English,No,False,uncollected waste piling up along the main road in sainthamaruthu
C0538,Overflowing bin attracting stray animals near Kalmunaikudi 03 school,Waste,High,Kalmunaikudi 03,13,5/28/2026 11:00,Waste Collection & Recycling Unit,Resolved,English,Yes,False,overflowing bin attracting stray animals near kalmunaikudi  school
C0539,Recycling bin missing near Sainthamaruthu 17 community center,Waste,Low,Sainthamaruthu 17,23,5/29/2026 18:00,Waste Collection & Recycling Unit,Pending,English,Yes,False,recycling bin missing near sainthamaruthu  community center
C0540,Transformer making loud noise near Kalmunaikudi 11 residential zone,Electrical,High,Kalmunaikudi 11,16,6/21/2026 18:00,Street Lighting Unit,Pending,English,No,False,transformer making loud noise near kalmunaikudi  residential zone
C0541,Uncollected waste piling up along the main road in Natpiddymunai 04,Waste,High,Natpiddymunai 04,7,5/11/2026 02:00,Waste Collection & Recycling Unit,In Progress,English,No,False,uncollected waste piling up along the main road in natpiddymunai
C0542,Electric meter box left open near Sainthamaruthu 09,Electrical,Medium,Sainthamaruthu 09,21,5/8/2026 00:00,Street Lighting Unit,In Progress,English,Yes,False,electric meter box left open near sainthamaruthu
C0543,"Drain blocked after heavy rain near Kalmunaikudi 08, causing flooding",Drainage,High,Kalmunaikudi 08,15,5/25/2026 10:00,Public Works Division,Pending,English,Yes,False,drain blocked after heavy rain near kalmunaikudi  causing flooding
C0544,Water main valve leaking near Sainthamaruthu 17 intersection,Water,Low,Sainthamaruthu 17,23,6/12/2026 01:00,National Water Supply & Drainage Board,Pending,English,Yes,False,water main valve leaking near sainthamaruthu  intersection
C0545,Broken public bench near Kalmunaikudi 03 park needs replacement,Public,Low,Kalmunaikudi 03,13,7/13/2026 09:00,Public Assistance Department,Pending,English,No,False,broken public bench near kalmunaikudi  park needs replacement
C0546,Uncollected waste piling up along the main road in Kalmunaikudi 01,Waste,High,Kalmunaikudi 01,12,5/9/2026 09:00,Waste Collection & Recycling Unit,Pending,English,No,False,uncollected waste piling up along the main road in kalmunaikudi
C0547,Broken pavement tiles near Kalmunaikudi 03 making walking unsafe,Road,Low,Kalmunaikudi 03,13,5/14/2026 05:00,Public Works Division,In Progress,English,Yes,False,broken pavement tiles near kalmunaikudi  making walking unsafe
C0548,Stamp duty payment receipt not issued for transaction in Natpiddimunai 03,Billing,Low,Natpiddimunai 03,9,7/17/2026 04:00,Assessment Department,Pending,English,No,False,stamp duty payment receipt not issued for transaction in natpiddimunai
C0549,Broken public bench near Kalmunaikudi 14 park needs replacement,Public,Low,Kalmunaikudi 14,17,6/8/2026 06:00,Public Assistance Department,Pending,English,Yes,False,broken public bench near kalmunaikudi  park needs replacement
C0550,Contaminated water supply reported near Natpiddymunai 04,Water,High,Natpiddymunai 04,7,7/2/2026 17:00,National Water Supply & Drainage Board,Resolved,English,Yes,False,contaminated water supply reported near natpiddymunai
C0551,Drainage system overflowing near Natpiddymunai 02 residential lane,Drainage,Medium,Natpiddymunai 02,7,7/17/2026 15:00,Public Works Division,In Progress,English,Yes,False,drainage system overflowing near natpiddymunai  residential lane
C0552,Recycling bin missing near Kalmunaikudi 08 community center,Waste,Low,Kalmunaikudi 08,15,5/20/2026 04:00,Waste Collection & Recycling Unit,Pending,English,No,False,recycling bin missing near kalmunaikudi  community center
C0553,No lighting at Kalmunaikudi 01 boat launch area at night,Boat,High,Kalmunaikudi 01,12,7/27/2026 09:00,Boat Services Unit,In Progress,English,Yes,False,no lighting at kalmunaikudi  boat launch area at night
C0554,Transformer making loud noise near Kalmunaikudi 10 residential zone,Electrical,Medium,Kalmunaikudi 10,16,6/24/2026 21:00,Street Lighting Unit,In Progress,English,Yes,False,transformer making loud noise near kalmunaikudi  residential zone
C0555,Litter accumulating in Kalmunaikudi 06 public park,Public,Low,Kalmunaikudi 06,14,7/2/2026 05:00,Public Assistance Department,Pending,English,No,False,litter accumulating in kalmunaikudi  public park
C0556,Overcharged on trade license renewal fee for shop in Kalmunaikudi 02,Billing,High,Kalmunaikudi 02,13,6/4/2026 19:00,Assessment Department,In Progress,English,No,False,overcharged on trade license renewal fee for shop in kalmunaikudi
C0557,Broken pavement tiles near Kalmunaikudi 14 making walking unsafe,Road,Medium,Kalmunaikudi 14,17,7/20/2026 05:00,Public Works Division,In Progress,English,Yes,False,broken pavement tiles near kalmunaikudi  making walking unsafe
C0558,Slow drainage causing minor waterlogging near Natpiddymunai 03,Drainage,Low,Natpiddymunai 03,7,5/2/2026 19:00,Public Works Division,Resolved,English,Yes,False,slow drainage causing minor waterlogging near natpiddymunai
C0559,"Waste bin lid broken, causing littering near Sainthamaruthu 02",Waste,Low,Sainthamaruthu 02,19,6/22/2026 18:00,Waste Collection & Recycling Unit,In Progress,English,No,False,waste bin lid broken causing littering near sainthamaruthu
C0560,"Jetty in poor condition near Kalmunaikudi 02, unsafe for boarding",Boat,High,Kalmunaikudi 02,13,5/13/2026 23:00,Boat Services Unit,Resolved,English,No,False,jetty in poor condition near kalmunaikudi  unsafe for boarding
C0561,Storm damage to boat shelter near Kalmunaikudi 11 needs assessment,Boat,Medium,Kalmunaikudi 11,16,7/18/2026 07:00,Boat Services Unit,Pending,English,Yes,False,storm damage to boat shelter near kalmunaikudi  needs assessment
C0562,Slow drainage causing minor waterlogging near Pandiruppu 01,Drainage,Low,Pandiruppu 01,6,5/15/2026 04:00,Public Works Division,Pending,English,No,False,slow drainage causing minor waterlogging near pandiruppu
C0563,No lighting at Maruthamunai 01 boat launch area at night,Boat,Low,Maruthamunai 01,3,5/5/2026 03:00,Boat Services Unit,Pending,English,Yes,False,no lighting at maruthamunai  boat launch area at night
C0564,Electric meter box left open near Sainthamaruthu 15,Electrical,Medium,Sainthamaruthu 15,22,7/2/2026 23:00,Street Lighting Unit,Pending,English,Yes,True,electric meter box left open near sainthamaruthu
C0565,"Park swing broken near Sainthamaruthu 10, unsafe for children",Public,Medium,Sainthamaruthu 10,20,6/26/2026 04:00,Public Assistance Department,In Progress,English,Yes,False,park swing broken near sainthamaruthu  unsafe for children
C0566,Standing water in drain breeding mosquitoes near Sainthamaruthu 06,Drainage,High,Sainthamaruthu 06,19,5/25/2026 10:00,Public Works Division,In Progress,English,No,False,standing water in drain breeding mosquitoes near sainthamaruthu
C0567,Certificate of ownership request delayed for property in Kalmunaikudi 12,Billing,Low,Kalmunaikudi 12,16,7/26/2026 03:00,Assessment Department,In Progress,English,Yes,False,certificate of ownership request delayed for property in kalmunaikudi
C0568,Recycling bin missing near Pandiruppu 01 community center,Waste,Low,Pandiruppu 01,6,5/15/2026 14:00,Waste Collection & Recycling Unit,Pending,English,Yes,False,recycling bin missing near pandiruppu  community center
C0569,Drainage system overflowing near Kalmunaikudi 02 residential lane,Drainage,High,Kalmunaikudi 02,13,6/2/2026 01:00,Public Works Division,In Progress,English,No,False,drainage system overflowing near kalmunaikudi  residential lane
C0570,Water tank overflow reported near Sainthamaruthu 08 apartment complex,Water,Medium,Sainthamaruthu 08,20,5/3/2026 04:00,National Water Supply & Drainage Board,Pending,English,Yes,False,water tank overflow reported near sainthamaruthu  apartment complex
C0571,Street light not working near Pandiruppu 01 junction for a week,Electrical,Medium,Pandiruppu 01,6,6/25/2026 13:00,Street Lighting Unit,Pending,English,No,True,street light not working near pandiruppu  junction for a week
C0572,"Drain blocked after heavy rain near Natpiddymunai 01, causing flooding",Drainage,High,Natpiddymunai 01,7,6/24/2026 17:00,Public Works Division,Pending,English,No,False,drain blocked after heavy rain near natpiddymunai  causing flooding
C0573,Waste collection truck has not visited Maruthamunai 04 this week,Waste,Low,Maruthamunai 04,4,5/22/2026 07:00,Waste Collection & Recycling Unit,In Progress,English,Yes,False,waste collection truck has not visited maruthamunai  this week
C0574,Business license fee dispute for trade stall in Pandiruppu 02,Billing,Medium,Pandiruppu 02,10,5/26/2026 16:00,Assessment Department,In Progress,English,Yes,False,business license fee dispute for trade stall in pandiruppu
C0575,Storm drain clogged with debris near Kalmunaikudi 08 junction,Drainage,Medium,Kalmunaikudi 08,15,5/2/2026 14:00,Public Works Division,Pending,English,Yes,False,storm drain clogged with debris near kalmunaikudi  junction
C0576,Electric meter box left open near Kalmunaikudi 11,Electrical,Medium,Kalmunaikudi 11,16,7/27/2026 12:00,Street Lighting Unit,In Progress,English,No,False,electric meter box left open near kalmunaikudi
C0577,Recycling bin missing near Kalmunaikudi 11 community center,Waste,Low,Kalmunaikudi 11,16,6/22/2026 08:00,Waste Collection & Recycling Unit,Pending,English,No,False,recycling bin missing near kalmunaikudi  community center
C0578,Illegal dumping of construction waste near Kalmunaikudi 12,Waste,Medium,Kalmunaikudi 12,16,7/31/2026 02:00,Waste Collection & Recycling Unit,Resolved,English,No,False,illegal dumping of construction waste near kalmunaikudi
C0579,Boat parking area overcrowded near Kalmunaikudi 01 harbor,Boat,Low,Kalmunaikudi 01,12,5/10/2026 11:00,Boat Services Unit,In Progress,English,No,False,boat parking area overcrowded near kalmunaikudi  harbor
C0580,Have not received assessment tax bill for Natpiddimunai 01 property this quarter,Billing,Medium,Natpiddimunai 01,9,7/25/2026 03:00,Assessment Department,Pending,English,No,False,have not received assessment tax bill for natpiddimunai  property this quarter
C0581,Overcharged on trade license renewal fee for shop in Natpiddymunai 03,Billing,High,Natpiddymunai 03,7,6/20/2026 11:00,Assessment Department,In Progress,English,Yes,False,overcharged on trade license renewal fee for shop in natpiddymunai
C0582,Illegal dumping of construction waste near Sainthamaruthu 06,Waste,Low,Sainthamaruthu 06,19,6/11/2026 08:00,Waste Collection & Recycling Unit,In Progress,English,Yes,False,illegal dumping of construction waste near sainthamaruthu
C0583,Uneven road surface near Kalmunaikudi 13 causing vehicle damage,Road,Medium,Kalmunaikudi 13,17,7/13/2026 07:00,Public Works Division,Pending,English,Yes,False,uneven road surface near kalmunaikudi  causing vehicle damage
C0584,Street light pole knocked down near Kalmunaikudi 14,Electrical,High,Kalmunaikudi 14,17,5/25/2026 15:00,Street Lighting Unit,Pending,English,Yes,False,street light pole knocked down near kalmunaikudi
C0585,Road divider knocked down near Kalmunaikudi 01 roundabout,Road,Medium,Kalmunaikudi 01,12,5/12/2026 13:00,Public Works Division,Pending,English,Yes,False,road divider knocked down near kalmunaikudi  roundabout
C0586,Flickering street lights making Sainthamaruthu 15 road unsafe at night,Electrical,Medium,Sainthamaruthu 15,22,6/2/2026 20:00,Street Lighting Unit,Pending,English,Yes,False,flickering street lights making sainthamaruthu  road unsafe at night
C0587,Garbage bin damaged and waste scattered near Kalmunaikudi 03 bus stand,Waste,Medium,Kalmunaikudi 03,13,7/29/2026 21:00,Waste Collection & Recycling Unit,Pending,English,Yes,False,garbage bin damaged and waste scattered near kalmunaikudi  bus stand
C0588,Requesting rate remission for vacant property in Maruthamunai 03,Billing,Low,Maruthamunai 03,4,7/30/2026 08:00,Assessment Department,Pending,English,No,False,requesting rate remission for vacant property in maruthamunai
C0589,Business license fee dispute for trade stall in Sainthamaruthu 06,Billing,Medium,Sainthamaruthu 06,19,7/19/2026 15:00,Assessment Department,In Progress,English,No,False,business license fee dispute for trade stall in sainthamaruthu
C0590,Drain cover missing near Kalmunaikudi 07 pedestrian crossing,Drainage,Medium,Kalmunaikudi 07,14,5/19/2026 21:00,Public Works Division,Resolved,English,No,False,drain cover missing near kalmunaikudi  pedestrian crossing
C0591,"Waste bin lid broken, causing littering near Kalmunaikudi 11",Waste,Low,Kalmunaikudi 11,16,5/24/2026 05:00,Waste Collection & Recycling Unit,Pending,English,Yes,True,waste bin lid broken causing littering near kalmunaikudi
C0592,Garbage bin damaged and waste scattered near Maruthamunai 04 bus stand,Waste,Medium,Maruthamunai 04,4,6/26/2026 21:00,Waste Collection & Recycling Unit,In Progress,English,Yes,False,garbage bin damaged and waste scattered near maruthamunai  bus stand
C0593,Electric meter box left open near Periyaneelavanai 01,Electrical,Medium,Periyaneelavanai 01,1,7/20/2026 13:00,Street Lighting Unit,Pending,English,Yes,False,electric meter box left open near periyaneelavanai
C0594,Litter accumulating in Sainthamaruthu 17 public park,Public,Low,Sainthamaruthu 17,23,6/25/2026 19:00,Public Assistance Department,In Progress,English,Yes,False,litter accumulating in sainthamaruthu  public park
C0595,Waste collection truck has not visited Natpiddymunai 02 this week,Waste,Medium,Natpiddymunai 02,7,7/31/2026 22:00,Waste Collection & Recycling Unit,Pending,English,Yes,False,waste collection truck has not visited natpiddymunai  this week
C0596,Irregular water supply schedule affecting Natpiddimunai 01 residents,Water,Low,Natpiddimunai 01,9,6/6/2026 14:00,National Water Supply & Drainage Board,In Progress,English,No,False,irregular water supply schedule affecting natpiddimunai  residents
C0597,Boat license renewal fee dispute for vessel based in Sainthamaruthu 13,Boat,Low,Sainthamaruthu 13,22,7/23/2026 16:00,Boat Services Unit,In Progress,English,No,False,boat license renewal fee dispute for vessel based in sainthamaruthu
C0598,Garbage bags left uncollected on Maruthamunai 06 street corner,Waste,Low,Maruthamunai 06,5,7/8/2026 01:00,Waste Collection & Recycling Unit,Pending,English,No,False,garbage bags left uncollected on maruthamunai  street corner
C0599,Transformer making loud noise near Kalmunaikudi 05 residential zone,Electrical,Medium,Kalmunaikudi 05,14,5/25/2026 02:00,Street Lighting Unit,Pending,English,Yes,False,transformer making loud noise near kalmunaikudi  residential zone
C0600,Road crack widening near Kalmunaikudi 04 junction after recent rain,Road,Medium,Kalmunaikudi 04,13,6/16/2026 06:00,Public Works Division,In Progress,English,Yes,False,road crack widening near kalmunaikudi  junction after recent rain
C0601,Litter accumulating in Natpiddymunai 04 public park,Public,Low,Natpiddymunai 04,7,7/28/2026 08:00,Public Assistance Department,Pending,English,No,False,litter accumulating in natpiddymunai  public park
C0602,Flickering street lights making Sainthamaruthu 12 road unsafe at night,Electrical,Low,Sainthamaruthu 12,20,5/20/2026 16:00,Street Lighting Unit,In Progress,English,No,False,flickering street lights making sainthamaruthu  road unsafe at night
C0603,Broken street light cover near Kalmunaikudi 01 park,Electrical,Low,Kalmunaikudi 01,12,7/4/2026 09:00,Street Lighting Unit,Pending,English,No,False,broken street light cover near kalmunaikudi  park
C0604,Boat service counter closed during working hours at Periyaneelavanai 01,Boat,Medium,Periyaneelavanai 01,1,6/30/2026 06:00,Boat Services Unit,Pending,English,Yes,False,boat service counter closed during working hours at periyaneelavanai
C0605,Damaged walking path in Sainthamaruthu 01 public garden,Public,Low,Sainthamaruthu 01,18,5/28/2026 05:00,Public Assistance Department,Pending,English,No,False,damaged walking path in sainthamaruthu  public garden
C0606,Certificate of ownership request delayed for property in Sainthamaruthu 13,Billing,Low,Sainthamaruthu 13,22,6/22/2026 12:00,Assessment Department,Pending,English,No,False,certificate of ownership request delayed for property in sainthamaruthu
C0607,Recycling bin missing near Kalmunaikudi 01 community center,Waste,Low,Kalmunaikudi 01,12,7/7/2026 19:00,Waste Collection & Recycling Unit,In Progress,English,Yes,False,recycling bin missing near kalmunaikudi  community center
C0608,No lighting at Sainthamaruthu 09 boat launch area at night,Boat,High,Sainthamaruthu 09,21,6/5/2026 02:00,Boat Services Unit,In Progress,English,Yes,False,no lighting at sainthamaruthu  boat launch area at night
C0609,Damaged road surface near Kalmunaikudi 14 making travel difficult,Road,Medium,Kalmunaikudi 14,17,5/18/2026 20:00,Public Works Division,Pending,English,No,False,damaged road surface near kalmunaikudi  making travel difficult
C0610,Boat parking area overcrowded near Natpiddymunai 04 harbor,Boat,Low,Natpiddymunai 04,7,6/13/2026 18:00,Boat Services Unit,In Progress,English,Yes,False,boat parking area overcrowded near natpiddymunai  harbor
C0611,Cracked drain pipe near Pandiruppu 01 needs repair,Drainage,Low,Pandiruppu 01,6,7/18/2026 01:00,Public Works Division,In Progress,English,No,False,cracked drain pipe near pandiruppu  needs repair
C0612,Electric meter box left open near Kalmunaikudi 06,Electrical,Medium,Kalmunaikudi 06,14,6/15/2026 22:00,Street Lighting Unit,Pending,English,No,False,electric meter box left open near kalmunaikudi
C0613,Garbage bin damaged and waste scattered near Kalmunaikudi 05 bus stand,Waste,Medium,Kalmunaikudi 05,14,7/9/2026 23:00,Waste Collection & Recycling Unit,Resolved,English,No,False,garbage bin damaged and waste scattered near kalmunaikudi  bus stand
C0614,Damaged walking path in Kalmunai 01 public garden,Public,Low,Kalmunai 01,11,5/16/2026 20:00,Public Assistance Department,Resolved,English,Yes,False,damaged walking path in kalmunai  public garden
C0615,Bad smell from uncollected garbage near Sainthamaruthu 17 residential area,Waste,Medium,Sainthamaruthu 17,23,5/26/2026 05:00,Waste Collection & Recycling Unit,In Progress,English,Yes,False,bad smell from uncollected garbage near sainthamaruthu  residential area
C0616,Litter accumulating in Kalmunaikudi 14 public park,Public,Low,Kalmunaikudi 14,17,6/4/2026 02:00,Public Assistance Department,In Progress,English,Yes,False,litter accumulating in kalmunaikudi  public park
C0617,Broken street light cover near Sainthamaruthu 01 park,Electrical,Low,Sainthamaruthu 01,18,6/1/2026 13:00,Street Lighting Unit,Pending,English,No,False,broken street light cover near sainthamaruthu  park
C0618,Request for new mooring space near Maruthamunai 04 fishing harbor,Boat,Low,Maruthamunai 04,4,5/17/2026 06:00,Boat Services Unit,Pending,English,No,False,request for new mooring space near maruthamunai  fishing harbor
C0619,Broken fence around Sainthamaruthu 05 public playground,Public,Medium,Sainthamaruthu 05,21,6/3/2026 08:00,Public Assistance Department,Pending,English,No,False,broken fence around sainthamaruthu  public playground
C0620,Transformer making loud noise near Kalmunai 02 residential zone,Electrical,Medium,Kalmunai 02,12,7/26/2026 04:00,Street Lighting Unit,In Progress,English,No,False,transformer making loud noise near kalmunai  residential zone
C0621,No lighting at Sainthamaruthu 12 boat launch area at night,Boat,Medium,Sainthamaruthu 12,20,5/3/2026 05:00,Boat Services Unit,Resolved,English,Yes,False,no lighting at sainthamaruthu  boat launch area at night
C0622,Blocked culvert causing water stagnation near Sainthamaruthu 07,Drainage,Medium,Sainthamaruthu 07,21,6/8/2026 13:00,Public Works Division,In Progress,English,No,False,blocked culvert causing water stagnation near sainthamaruthu
C0623,"Water pipe burst near Maruthamunai 03 hospital, water gushing onto road",Water,High,Maruthamunai 03,4,6/20/2026 20:00,National Water Supply & Drainage Board,Pending,English,Yes,False,water pipe burst near maruthamunai  hospital water gushing onto road
C0624,"Water pipe burst near Natpiddimunai 01 hospital, water gushing onto road",Water,High,Natpiddimunai 01,9,5/23/2026 06:00,National Water Supply & Drainage Board,Pending,English,No,False,water pipe burst near natpiddimunai  hospital water gushing onto road
C0625,Damaged electrical pole leaning near Kalmunaikudi 07 road,Electrical,High,Kalmunaikudi 07,14,7/4/2026 10:00,Street Lighting Unit,Pending,English,No,True,damaged electrical pole leaning near kalmunaikudi  road
C0626,Litter accumulating in Kalmunaikudi 09 public park,Public,Low,Kalmunaikudi 09,15,5/14/2026 02:00,Public Assistance Department,Resolved,English,No,False,litter accumulating in kalmunaikudi  public park
C0627,Cracked drain pipe near Sainthamaruthu 03 needs repair,Drainage,Low,Sainthamaruthu 03,18,7/2/2026 02:00,Public Works Division,In Progress,English,No,False,cracked drain pipe near sainthamaruthu  needs repair
C0628,Road caved in slightly near Kalmunaikudi 09 after water damage,Road,High,Kalmunaikudi 09,15,5/26/2026 05:00,Public Works Division,In Progress,English,Yes,False,road caved in slightly near kalmunaikudi  after water damage
C0629,Foul smell from blocked drain near Periyaneelavanai 01 market,Drainage,High,Periyaneelavanai 01,1,6/15/2026 13:00,Public Works Division,In Progress,English,No,False,foul smell from blocked drain near periyaneelavanai  market
C0630,Garbage bags left uncollected on Sainthamaruthu 13 street corner,Waste,Low,Sainthamaruthu 13,22,5/23/2026 10:00,Waste Collection & Recycling Unit,Pending,English,Yes,False,garbage bags left uncollected on sainthamaruthu  street corner
C0631,Recycling bin missing near Kalmunaikudi 02 community center,Waste,Low,Kalmunaikudi 02,13,7/9/2026 09:00,Waste Collection & Recycling Unit,Resolved,English,Yes,False,recycling bin missing near kalmunaikudi  community center
C0632,Property valuation for assessment tax in Natpiddymunai 05 needs review,Billing,Medium,Natpiddymunai 05,7,7/28/2026 08:00,Assessment Department,Pending,English,Yes,False,property valuation for assessment tax in natpiddymunai  needs review
C0633,Uneven road surface near Sainthamaruthu 06 causing vehicle damage,Road,Medium,Sainthamaruthu 06,19,5/18/2026 17:00,Public Works Division,In Progress,English,Yes,False,uneven road surface near sainthamaruthu  causing vehicle damage
C0634,Foul smell from blocked drain near Maruthamunai 06 market,Drainage,Medium,Maruthamunai 06,5,5/19/2026 05:00,Public Works Division,In Progress,English,Yes,False,foul smell from blocked drain near maruthamunai  market
C0635,Broken public bench near Pandiruppu 02 park needs replacement,Public,Medium,Pandiruppu 02,10,5/27/2026 03:00,Public Assistance Department,Pending,English,Yes,False,broken public bench near pandiruppu  park needs replacement
C0636,Drain cover missing near Sainthamaruthu 11 pedestrian crossing,Drainage,Medium,Sainthamaruthu 11,22,6/10/2026 19:00,Public Works Division,Pending,English,Yes,False,drain cover missing near sainthamaruthu  pedestrian crossing
C0637,Broken pavement tiles near Kalmunaikudi 02 making walking unsafe,Road,Low,Kalmunaikudi 02,13,5/15/2026 04:00,Public Works Division,In Progress,English,Yes,False,broken pavement tiles near kalmunaikudi  making walking unsafe
C0638,Waste collection truck has not visited Sainthamaruthu 14 this week,Waste,Medium,Sainthamaruthu 14,23,5/25/2026 06:00,Waste Collection & Recycling Unit,Pending,English,Yes,False,waste collection truck has not visited sainthamaruthu  this week
C0639,Assessment tax amount for my Maruthamunai 06 property seems incorrectly calculated,Billing,Medium,Maruthamunai 06,5,5/24/2026 23:00,Assessment Department,In Progress,English,Yes,False,assessment tax amount for my maruthamunai  property seems incorrectly calculated
C0640,Bad smell from uncollected garbage near Kalmunaikudi 08 residential area,Waste,Medium,Kalmunaikudi 08,15,6/7/2026 18:00,Waste Collection & Recycling Unit,Pending,English,No,False,bad smell from uncollected garbage near kalmunaikudi  residential area
C0641,Road caved in slightly near Natpiddymunai 01 after water damage,Road,High,Natpiddymunai 01,7,5/25/2026 14:00,Public Works Division,Pending,English,No,False,road caved in slightly near natpiddymunai  after water damage
C0642,Damaged boat landing point near Natpiddymunai 03 needs urgent repair,Boat,High,Natpiddymunai 03,7,5/23/2026 21:00,Boat Services Unit,Pending,English,No,False,damaged boat landing point near natpiddymunai  needs urgent repair
C0643,Late payment surcharge applied incorrectly on Periyaneelavanai 01 property rates,Billing,Medium,Periyaneelavanai 01,1,5/1/2026 20:00,Assessment Department,Pending,English,Yes,False,late payment surcharge applied incorrectly on periyaneelavanai  property rates
C0644,"Waste bin lid broken, causing littering near Sainthamaruthu 15",Waste,Low,Sainthamaruthu 15,22,5/25/2026 03:00,Waste Collection & Recycling Unit,In Progress,English,Yes,False,waste bin lid broken causing littering near sainthamaruthu
C0645,Drain cover missing near Maruthamunai 04 pedestrian crossing,Drainage,High,Maruthamunai 04,4,5/6/2026 19:00,Public Works Division,Pending,English,No,False,drain cover missing near maruthamunai  pedestrian crossing
C0646,Overflowing bin attracting stray animals near Sainthamaruthu 06 school,Waste,Medium,Sainthamaruthu 06,19,5/31/2026 18:00,Waste Collection & Recycling Unit,Pending,English,Yes,False,overflowing bin attracting stray animals near sainthamaruthu  school
C0647,Damaged walking path in Sainthamaruthu 11 public garden,Public,Low,Sainthamaruthu 11,22,7/27/2026 06:00,Public Assistance Department,In Progress,English,Yes,False,damaged walking path in sainthamaruthu  public garden
C0648,Garbage bags left uncollected on Sainthamaruthu 10 street corner,Waste,Low,Sainthamaruthu 10,20,5/19/2026 02:00,Waste Collection & Recycling Unit,Pending,English,No,False,garbage bags left uncollected on sainthamaruthu  street corner
C0649,Litter accumulating in Sainthamaruthu 11 public park,Public,Low,Sainthamaruthu 11,22,5/16/2026 13:00,Public Assistance Department,Resolved,English,No,False,litter accumulating in sainthamaruthu  public park
C0650,Irregular water supply schedule affecting Pandiruppu 02 residents,Water,Low,Pandiruppu 02,10,7/15/2026 08:00,National Water Supply & Drainage Board,In Progress,English,Yes,False,irregular water supply schedule affecting pandiruppu  residents
C0651,Have not received assessment tax bill for Periyaneelavanai 02 property this quarter,Billing,Medium,Periyaneelavanai 02,2,5/7/2026 03:00,Assessment Department,Pending,English,No,False,have not received assessment tax bill for periyaneelavanai  property this quarter
C0652,Certificate of ownership request delayed for property in Kalmunaikudi 12,Billing,Low,Kalmunaikudi 12,16,6/9/2026 18:00,Assessment Department,In Progress,English,Yes,False,certificate of ownership request delayed for property in kalmunaikudi
C0653,"Park swing broken near Maruthamunai 05, unsafe for children",Public,Medium,Maruthamunai 05,5,7/24/2026 19:00,Public Assistance Department,Pending,English,No,False,park swing broken near maruthamunai  unsafe for children
C0654,Bad smell from uncollected garbage near Maruthamunai 05 residential area,Waste,Medium,Maruthamunai 05,5,7/3/2026 21:00,Waste Collection & Recycling Unit,Pending,English,No,False,bad smell from uncollected garbage near maruthamunai  residential area
C0655,Storm damage to boat shelter near Sainthamaruthu 04 needs assessment,Boat,High,Sainthamaruthu 04,19,5/7/2026 21:00,Boat Services Unit,Pending,English,Yes,False,storm damage to boat shelter near sainthamaruthu  needs assessment
C0656,Bad smell from uncollected garbage near Sainthamaruthu 06 residential area,Waste,Medium,Sainthamaruthu 06,19,5/6/2026 21:00,Waste Collection & Recycling Unit,Resolved,English,Yes,False,bad smell from uncollected garbage near sainthamaruthu  residential area
C0657,Public water fountain not working near Sainthamaruthu 12 park,Public,Low,Sainthamaruthu 12,20,7/19/2026 23:00,Public Assistance Department,Pending,English,Yes,False,public water fountain not working near sainthamaruthu  park
C0658,Speed bump damaged near Maruthamunai 01 residential entrance,Road,Low,Maruthamunai 01,3,6/20/2026 10:00,Public Works Division,In Progress,English,Yes,False,speed bump damaged near maruthamunai  residential entrance
C0659,"Water pipe burst near Sainthamaruthu 11 hospital, water gushing onto road",Water,Medium,Sainthamaruthu 11,22,6/25/2026 08:00,National Water Supply & Drainage Board,Pending,English,Yes,False,water pipe burst near sainthamaruthu  hospital water gushing onto road
C0660,Slow drainage causing minor waterlogging near Sainthamaruthu 12,Drainage,Low,Sainthamaruthu 12,20,7/5/2026 11:00,Public Works Division,In Progress,English,No,False,slow drainage causing minor waterlogging near sainthamaruthu
C0661,Boat parking area overcrowded near Maruthamunai 05 harbor,Boat,Low,Maruthamunai 05,5,5/16/2026 08:00,Boat Services Unit,Pending,English,Yes,False,boat parking area overcrowded near maruthamunai  harbor
C0662,No lighting at Kalmunai 02 boat launch area at night,Boat,Medium,Kalmunai 02,12,7/1/2026 11:00,Boat Services Unit,Resolved,English,No,False,no lighting at kalmunai  boat launch area at night
C0663,Late payment surcharge applied incorrectly on Sainthamaruthu 03 property rates,Billing,Medium,Sainthamaruthu 03,18,7/12/2026 06:00,Assessment Department,Pending,English,Yes,False,late payment surcharge applied incorrectly on sainthamaruthu  property rates
C0664,Road caved in slightly near Kalmunaikudi 07 after water damage,Road,High,Kalmunaikudi 07,14,6/27/2026 20:00,Public Works Division,Pending,English,No,False,road caved in slightly near kalmunaikudi  after water damage
C0665,Recycling bin missing near Pandiruppu 01 community center,Waste,Low,Pandiruppu 01,6,7/23/2026 01:00,Waste Collection & Recycling Unit,Pending,English,Yes,False,recycling bin missing near pandiruppu  community center
C0666,Broken public bench near Sainthamaruthu 14 park needs replacement,Public,Low,Sainthamaruthu 14,23,6/24/2026 00:00,Public Assistance Department,In Progress,English,Yes,False,broken public bench near sainthamaruthu  park needs replacement
C0667,Open drain without cover poses safety risk near Maruthamunai 01,Drainage,High,Maruthamunai 01,3,5/25/2026 06:00,Public Works Division,Pending,English,Yes,False,open drain without cover poses safety risk near maruthamunai
C0668,Damaged electrical pole leaning near Sainthamaruthu 16 road,Electrical,High,Sainthamaruthu 16,23,5/8/2026 11:00,Street Lighting Unit,In Progress,English,No,False,damaged electrical pole leaning near sainthamaruthu  road
C0669,Damaged walking path in Natpiddymunai 02 public garden,Public,Low,Natpiddymunai 02,7,5/10/2026 06:00,Public Assistance Department,Resolved,English,No,False,damaged walking path in natpiddymunai  public garden
C0670,Large pothole on main road near Sainthamaruthu 11 causing accidents,Road,High,Sainthamaruthu 11,22,6/2/2026 11:00,Public Works Division,Pending,English,No,False,large pothole on main road near sainthamaruthu  causing accidents
C0671,Broken fence around Kalmunaikudi 05 public playground,Public,Medium,Kalmunaikudi 05,14,7/22/2026 11:00,Public Assistance Department,Pending,English,No,False,broken fence around kalmunaikudi  public playground
C0672,Illegal dumping of construction waste near Maruthamunai 02,Waste,Medium,Maruthamunai 02,3,6/18/2026 18:00,Waste Collection & Recycling Unit,Pending,English,Yes,False,illegal dumping of construction waste near maruthamunai
C0673,Street light flickering continuously near Maruthamunai 02 station,Electrical,Low,Maruthamunai 02,3,6/25/2026 20:00,Street Lighting Unit,Resolved,English,No,False,street light flickering continuously near maruthamunai  station
C0674,Low water pressure reported by residents in Kalmunaikudi 06,Water,Medium,Kalmunaikudi 06,14,6/25/2026 11:00,National Water Supply & Drainage Board,Pending,English,Yes,False,low water pressure reported by residents in kalmunaikudi
C0675,Recycling bin missing near Kalmunaikudi 04 community center,Waste,Low,Kalmunaikudi 04,13,7/13/2026 23:00,Waste Collection & Recycling Unit,Pending,English,Yes,False,recycling bin missing near kalmunaikudi  community center
C0676,Drain cover missing near Kalmunaikudi 14 pedestrian crossing,Drainage,Medium,Kalmunaikudi 14,17,7/11/2026 10:00,Public Works Division,Pending,English,No,False,drain cover missing near kalmunaikudi  pedestrian crossing
C0677,Power outage reported frequently in Maruthamunai 03 area,Electrical,Medium,Maruthamunai 03,4,5/11/2026 22:00,Street Lighting Unit,Pending,English,No,False,power outage reported frequently in maruthamunai  area
C0678,Property valuation for assessment tax in Kalmunaikudi 02 needs review,Billing,Medium,Kalmunaikudi 02,13,5/30/2026 14:00,Assessment Department,Pending,English,No,True,property valuation for assessment tax in kalmunaikudi  needs review
C0679,Storm drain clogged with debris near Sainthamaruthu 04 junction,Drainage,Medium,Sainthamaruthu 04,19,7/29/2026 17:00,Public Works Division,In Progress,English,No,False,storm drain clogged with debris near sainthamaruthu  junction
C0680,Power outage reported frequently in Sainthamaruthu 08 area,Electrical,Medium,Sainthamaruthu 08,20,5/6/2026 07:00,Street Lighting Unit,In Progress,English,No,False,power outage reported frequently in sainthamaruthu  area
C0681,Broken street light cover near Pandiruppu 02 park,Electrical,Low,Pandiruppu 02,10,5/11/2026 19:00,Street Lighting Unit,In Progress,English,Yes,False,broken street light cover near pandiruppu  park
C0682,Broken pavement tiles near Kalmunaikudi 09 making walking unsafe,Road,Medium,Kalmunaikudi 09,15,6/20/2026 19:00,Public Works Division,Pending,English,Yes,False,broken pavement tiles near kalmunaikudi  making walking unsafe
C0683,Speed bump damaged near Kalmunaikudi 09 residential entrance,Road,Low,Kalmunaikudi 09,15,6/6/2026 13:00,Public Works Division,Resolved,English,No,False,speed bump damaged near kalmunaikudi  residential entrance
C0684,Waste collection truck has not visited Natpiddymunai 01 this week,Waste,High,Natpiddymunai 01,7,6/15/2026 03:00,Waste Collection & Recycling Unit,Pending,English,No,False,waste collection truck has not visited natpiddymunai  this week
C0685,Uncollected waste piling up along the main road in Kalmunaikudi 03,Waste,High,Kalmunaikudi 03,13,5/11/2026 11:00,Waste Collection & Recycling Unit,In Progress,English,No,False,uncollected waste piling up along the main road in kalmunaikudi
C0686,Waste collection truck has not visited Sainthamaruthu 06 this week,Waste,Medium,Sainthamaruthu 06,19,7/27/2026 18:00,Waste Collection & Recycling Unit,Resolved,English,Yes,False,waste collection truck has not visited sainthamaruthu  this week
C0687,Damaged walking path in Sainthamaruthu 03 public garden,Public,Low,Sainthamaruthu 03,18,7/29/2026 22:00,Public Assistance Department,Pending,English,Yes,False,damaged walking path in sainthamaruthu  public garden
C0688,Garbage overflowing near Chenaikudiyiruppu 01 market for the past three days,Waste,High,Chenaikudiyiruppu 01,8,5/2/2026 18:00,Waste Collection & Recycling Unit,Pending,English,Yes,False,garbage overflowing near chenaikudiyiruppu  market for the past three days
C0689,Litter accumulating in Kalmunaikudi 01 public park,Public,Low,Kalmunaikudi 01,12,7/18/2026 19:00,Public Assistance Department,Pending,English,No,False,litter accumulating in kalmunaikudi  public park
C0690,Waste collection truck has not visited Kalmunaikudi 03 this week,Waste,Medium,Kalmunaikudi 03,13,5/28/2026 04:00,Waste Collection & Recycling Unit,In Progress,English,Yes,False,waste collection truck has not visited kalmunaikudi  this week
C0691,Street light flickering continuously near Kalmunai 03 station,Electrical,Low,Kalmunai 03,12,7/5/2026 19:00,Street Lighting Unit,In Progress,English,Yes,False,street light flickering continuously near kalmunai  station
C0692,Street light pole knocked down near Chenaikudiyiruppu 01,Electrical,High,Chenaikudiyiruppu 01,8,6/13/2026 14:00,Street Lighting Unit,Pending,English,Yes,False,street light pole knocked down near chenaikudiyiruppu
C0693,Blocked culvert causing water stagnation near Sainthamaruthu 06,Drainage,High,Sainthamaruthu 06,19,5/31/2026 00:00,Public Works Division,Pending,English,No,False,blocked culvert causing water stagnation near sainthamaruthu
C0694,Standing water in drain breeding mosquitoes near Sainthamaruthu 14,Drainage,Medium,Sainthamaruthu 14,23,6/24/2026 02:00,Public Works Division,Resolved,English,No,False,standing water in drain breeding mosquitoes near sainthamaruthu
C0695,No water supply in Kalmunai 02 area for two days,Water,High,Kalmunai 02,12,6/10/2026 04:00,National Water Supply & Drainage Board,Pending,English,Yes,False,no water supply in kalmunai  area for two days
C0696,Overcharged on trade license renewal fee for shop in Kalmunaikudi 07,Billing,Medium,Kalmunaikudi 07,14,5/15/2026 18:00,Assessment Department,In Progress,English,No,False,overcharged on trade license renewal fee for shop in kalmunaikudi
C0697,Exposed electrical wiring near Pandiruppu 01 poses safety hazard,Electrical,Medium,Pandiruppu 01,6,6/25/2026 01:00,Street Lighting Unit,In Progress,English,No,False,exposed electrical wiring near pandiruppu  poses safety hazard
C0698,Broken street light cover near Natpiddymunai 05 park,Electrical,Low,Natpiddymunai 05,7,5/14/2026 00:00,Street Lighting Unit,Pending,English,Yes,False,broken street light cover near natpiddymunai  park
C0699,No lighting at Natpiddymunai 02 boat launch area at night,Boat,Medium,Natpiddymunai 02,7,5/4/2026 03:00,Boat Services Unit,Pending,English,Yes,False,no lighting at natpiddymunai  boat launch area at night
C0700,Assessment tax amount for my Natpiddimunai 02 property seems incorrectly calculated,Billing,Medium,Natpiddimunai 02,9,5/20/2026 20:00,Assessment Department,Pending,English,No,False,assessment tax amount for my natpiddimunai  property seems incorrectly calculated
C0701,No water supply in Kalmunaikudi 07 area for two days,Water,High,Kalmunaikudi 07,14,5/24/2026 23:00,National Water Supply & Drainage Board,Pending,English,Yes,False,no water supply in kalmunaikudi  area for two days
C0702,Property valuation for assessment tax in Sainthamaruthu 14 needs review,Billing,High,Sainthamaruthu 14,23,6/29/2026 08:00,Assessment Department,In Progress,English,Yes,False,property valuation for assessment tax in sainthamaruthu  needs review
C0703,Recycling bin missing near Maruthamunai 05 community center,Waste,Low,Maruthamunai 05,5,6/20/2026 08:00,Waste Collection & Recycling Unit,In Progress,English,Yes,False,recycling bin missing near maruthamunai  community center
C0704,Assessment tax amount for my Kalmunaikudi 14 property seems incorrectly calculated,Billing,Medium,Kalmunaikudi 14,17,6/12/2026 16:00,Assessment Department,In Progress,English,No,False,assessment tax amount for my kalmunaikudi  property seems incorrectly calculated
C0705,Overcharged on trade license renewal fee for shop in Sainthamaruthu 14,Billing,Medium,Sainthamaruthu 14,23,5/6/2026 07:00,Assessment Department,Pending,English,Yes,False,overcharged on trade license renewal fee for shop in sainthamaruthu
C0706,Drain cover missing near Sainthamaruthu 06 pedestrian crossing,Drainage,High,Sainthamaruthu 06,19,7/31/2026 01:00,Public Works Division,In Progress,English,Yes,False,drain cover missing near sainthamaruthu  pedestrian crossing
C0707,Standing water in drain breeding mosquitoes near Kalmunaikudi 05,Drainage,High,Kalmunaikudi 05,14,7/26/2026 23:00,Public Works Division,Pending,English,Yes,False,standing water in drain breeding mosquitoes near kalmunaikudi
C0708,Flickering street lights making Maruthamunai 04 road unsafe at night,Electrical,Medium,Maruthamunai 04,4,7/9/2026 17:00,Street Lighting Unit,In Progress,English,No,False,flickering street lights making maruthamunai  road unsafe at night
C0709,"Water pipe burst near Maruthamunai 06 hospital, water gushing onto road",Water,High,Maruthamunai 06,5,7/10/2026 13:00,National Water Supply & Drainage Board,In Progress,English,Yes,False,water pipe burst near maruthamunai  hospital water gushing onto road
C0710,Standing water in drain breeding mosquitoes near Kalmunaikudi 14,Drainage,High,Kalmunaikudi 14,17,7/4/2026 00:00,Public Works Division,In Progress,English,No,False,standing water in drain breeding mosquitoes near kalmunaikudi
C0711,Drainage system overflowing near Pandiruppu 02 residential lane,Drainage,Medium,Pandiruppu 02,10,7/14/2026 15:00,Public Works Division,In Progress,English,Yes,False,drainage system overflowing near pandiruppu  residential lane
C0712,Damaged boat landing point near Sainthamaruthu 05 needs urgent repair,Boat,Medium,Sainthamaruthu 05,21,7/14/2026 07:00,Boat Services Unit,Resolved,English,No,True,damaged boat landing point near sainthamaruthu  needs urgent repair
C0713,Large pothole on main road near Kalmunaikudi 08 causing accidents,Road,High,Kalmunaikudi 08,15,6/17/2026 21:00,Public Works Division,Pending,English,No,False,large pothole on main road near kalmunaikudi  causing accidents
C0714,Power outage reported frequently in Sainthamaruthu 02 area,Electrical,Medium,Sainthamaruthu 02,19,5/1/2026 15:00,Street Lighting Unit,Pending,English,Yes,False,power outage reported frequently in sainthamaruthu  area
C0715,Electric meter box left open near Natpiddimunai 02,Electrical,Medium,Natpiddimunai 02,9,5/15/2026 09:00,Street Lighting Unit,In Progress,English,No,True,electric meter box left open near natpiddimunai
C0716,Overflowing bin attracting stray animals near Maruthamunai 01 school,Waste,Medium,Maruthamunai 01,3,6/2/2026 03:00,Waste Collection & Recycling Unit,Pending,English,No,False,overflowing bin attracting stray animals near maruthamunai  school
C0717,Water leakage near Maruthamunai 05 school flooding the pavement,Water,Medium,Maruthamunai 05,5,7/7/2026 03:00,National Water Supply & Drainage Board,Pending,English,No,False,water leakage near maruthamunai  school flooding the pavement
C0718,Drain cover missing near Sainthamaruthu 12 pedestrian crossing,Drainage,High,Sainthamaruthu 12,20,6/5/2026 18:00,Public Works Division,Resolved,English,Yes,False,drain cover missing near sainthamaruthu  pedestrian crossing
C0719,Requesting rate remission for vacant property in Sainthamaruthu 13,Billing,Low,Sainthamaruthu 13,22,7/7/2026 10:00,Assessment Department,In Progress,English,Yes,False,requesting rate remission for vacant property in sainthamaruthu
C0720,Road caved in slightly near Kalmunaikudi 12 after water damage,Road,High,Kalmunaikudi 12,16,6/25/2026 11:00,Public Works Division,Pending,English,Yes,False,road caved in slightly near kalmunaikudi  after water damage
C0721,Water tank overflow reported near Sainthamaruthu 11 apartment complex,Water,Medium,Sainthamaruthu 11,22,6/29/2026 02:00,National Water Supply & Drainage Board,Resolved,English,No,False,water tank overflow reported near sainthamaruthu  apartment complex
C0722,Public notice board missing near Kalmunaikudi 12 bus stand,Public,Low,Kalmunaikudi 12,16,6/18/2026 04:00,Public Assistance Department,In Progress,English,No,False,public notice board missing near kalmunaikudi  bus stand
C0723,Request for new mooring space near Sainthamaruthu 16 fishing harbor,Boat,Low,Sainthamaruthu 16,23,5/1/2026 03:00,Boat Services Unit,In Progress,English,No,False,request for new mooring space near sainthamaruthu  fishing harbor
C0724,Water leakage near Kalmunaikudi 08 school flooding the pavement,Water,Medium,Kalmunaikudi 08,15,6/10/2026 06:00,National Water Supply & Drainage Board,Pending,English,No,False,water leakage near kalmunaikudi  school flooding the pavement
C0725,Assessment tax amount for my Kalmunai 03 property seems incorrectly calculated,Billing,Medium,Kalmunai 03,12,7/6/2026 23:00,Assessment Department,In Progress,English,Yes,False,assessment tax amount for my kalmunai  property seems incorrectly calculated
C0726,Uneven road surface near Sainthamaruthu 15 causing vehicle damage,Road,High,Sainthamaruthu 15,22,5/12/2026 01:00,Public Works Division,Pending,English,Yes,False,uneven road surface near sainthamaruthu  causing vehicle damage
C0727,Litter accumulating in Kalmunaikudi 04 public park,Public,Low,Kalmunaikudi 04,13,6/2/2026 02:00,Public Assistance Department,In Progress,English,Yes,False,litter accumulating in kalmunaikudi  public park
C0728,Damaged walking path in Kalmunaikudi 09 public garden,Public,Low,Kalmunaikudi 09,15,7/26/2026 14:00,Public Assistance Department,In Progress,English,Yes,False,damaged walking path in kalmunaikudi  public garden
C0729,Damaged walking path in Sainthamaruthu 15 public garden,Public,Low,Sainthamaruthu 15,22,6/24/2026 20:00,Public Assistance Department,Resolved,English,Yes,False,damaged walking path in sainthamaruthu  public garden
C0730,Public water fountain not working near Kalmunaikudi 13 park,Public,Medium,Kalmunaikudi 13,17,7/17/2026 06:00,Public Assistance Department,In Progress,English,Yes,False,public water fountain not working near kalmunaikudi  park
C0731,"Park swing broken near Pandiruppu 02, unsafe for children",Public,Medium,Pandiruppu 02,10,7/21/2026 18:00,Public Assistance Department,Pending,English,No,False,park swing broken near pandiruppu  unsafe for children
C0732,Cracked drain pipe near Sainthamaruthu 03 needs repair,Drainage,Low,Sainthamaruthu 03,18,7/8/2026 11:00,Public Works Division,In Progress,English,No,False,cracked drain pipe near sainthamaruthu  needs repair
C0733,Broken public bench near Natpiddimunai 02 park needs replacement,Public,Low,Natpiddimunai 02,9,5/30/2026 09:00,Public Assistance Department,Pending,English,Yes,False,broken public bench near natpiddimunai  park needs replacement
C0734,Electric meter box left open near Kalmunai 01,Electrical,Low,Kalmunai 01,11,5/9/2026 23:00,Street Lighting Unit,Pending,English,Yes,False,electric meter box left open near kalmunai
C0735,Storm damage to boat shelter near Periyaneelavanai 02 needs assessment,Boat,High,Periyaneelavanai 02,2,6/16/2026 22:00,Boat Services Unit,Resolved,English,Yes,False,storm damage to boat shelter near periyaneelavanai  needs assessment
C0736,Road caved in slightly near Pandiruppu 02 after water damage,Road,High,Pandiruppu 02,10,5/13/2026 21:00,Public Works Division,Pending,English,No,False,road caved in slightly near pandiruppu  after water damage
C0737,Street light not working near Kalmunaikudi 08 junction for a week,Electrical,Medium,Kalmunaikudi 08,15,5/5/2026 06:00,Street Lighting Unit,Resolved,English,Yes,False,street light not working near kalmunaikudi  junction for a week
C0738,Water meter reading appears incorrect for Kalmunaikudi 08 household,Water,Low,Kalmunaikudi 08,15,5/3/2026 04:00,National Water Supply & Drainage Board,Pending,English,No,False,water meter reading appears incorrect for kalmunaikudi  household
C0739,Missing road signage near Kalmunai 02 intersection,Road,Low,Kalmunai 02,12,7/5/2026 03:00,Public Works Division,Pending,English,Yes,False,missing road signage near kalmunai  intersection
C0740,Contaminated water supply reported near Pandiruppu 02,Water,Medium,Pandiruppu 02,10,5/10/2026 22:00,National Water Supply & Drainage Board,Pending,English,No,False,contaminated water supply reported near pandiruppu
C0741,Electric meter box left open near Kalmunaikudi 01,Electrical,Medium,Kalmunaikudi 01,12,6/25/2026 17:00,Street Lighting Unit,Pending,English,No,False,electric meter box left open near kalmunaikudi
C0742,Street light flickering continuously near Maruthamunai 03 station,Electrical,Low,Maruthamunai 03,4,5/3/2026 19:00,Street Lighting Unit,Resolved,English,Yes,False,street light flickering continuously near maruthamunai  station
C0743,Boat mooring point damaged near Maruthamunai 05 harbor,Boat,Medium,Maruthamunai 05,5,7/26/2026 12:00,Boat Services Unit,Pending,English,Yes,False,boat mooring point damaged near maruthamunai  harbor
C0744,Boat service counter closed during working hours at Kalmunaikudi 01,Boat,Medium,Kalmunaikudi 01,12,6/21/2026 19:00,Boat Services Unit,In Progress,English,No,False,boat service counter closed during working hours at kalmunaikudi
C0745,Water tank overflow reported near Sainthamaruthu 01 apartment complex,Water,High,Sainthamaruthu 01,18,6/14/2026 05:00,National Water Supply & Drainage Board,In Progress,English,No,False,water tank overflow reported near sainthamaruthu  apartment complex
C0746,Broken pavement tiles near Kalmunaikudi 09 making walking unsafe,Road,Low,Kalmunaikudi 09,15,7/28/2026 15:00,Public Works Division,Pending,English,No,False,broken pavement tiles near kalmunaikudi  making walking unsafe
C0747,Broken fence around Natpiddymunai 02 public playground,Public,Medium,Natpiddymunai 02,7,6/14/2026 00:00,Public Assistance Department,In Progress,English,No,False,broken fence around natpiddymunai  public playground
C0748,Boat mooring point damaged near Maruthamunai 03 harbor,Boat,Medium,Maruthamunai 03,4,7/14/2026 13:00,Boat Services Unit,Pending,English,Yes,False,boat mooring point damaged near maruthamunai  harbor
C0749,Vandalized public signage near Sainthamaruthu 01 market,Public,Medium,Sainthamaruthu 01,18,6/1/2026 15:00,Public Assistance Department,Pending,English,No,False,vandalized public signage near sainthamaruthu  market
C0750,Contaminated water supply reported near Kalmunaikudi 13,Water,High,Kalmunaikudi 13,17,5/16/2026 10:00,National Water Supply & Drainage Board,In Progress,English,Yes,False,contaminated water supply reported near kalmunaikudi
C0751,Boat parking area overcrowded near Maruthamunai 03 harbor,Boat,Low,Maruthamunai 03,4,6/12/2026 06:00,Boat Services Unit,In Progress,English,No,False,boat parking area overcrowded near maruthamunai  harbor
C0752,Public water fountain not working near Sainthamaruthu 09 park,Public,Low,Sainthamaruthu 09,21,6/25/2026 17:00,Public Assistance Department,In Progress,English,Yes,False,public water fountain not working near sainthamaruthu  park
C0753,Fishing boat registration delayed at Sainthamaruthu 02 office,Boat,Low,Sainthamaruthu 02,19,5/30/2026 21:00,Boat Services Unit,Pending,English,Yes,False,fishing boat registration delayed at sainthamaruthu  office
C0754,Requesting rate remission for vacant property in Sainthamaruthu 03,Billing,Medium,Sainthamaruthu 03,18,6/17/2026 23:00,Assessment Department,In Progress,English,No,False,requesting rate remission for vacant property in sainthamaruthu
C0755,Uncollected waste piling up along the main road in Natpiddymunai 04,Waste,High,Natpiddymunai 04,7,5/1/2026 00:00,Waste Collection & Recycling Unit,Resolved,English,No,False,uncollected waste piling up along the main road in natpiddymunai
C0756,Drainage system overflowing near Kalmunaikudi 07 residential lane,Drainage,High,Kalmunaikudi 07,14,7/6/2026 04:00,Public Works Division,Pending,English,No,False,drainage system overflowing near kalmunaikudi  residential lane
C0757,Public notice board missing near Sainthamaruthu 01 bus stand,Public,Low,Sainthamaruthu 01,18,7/9/2026 16:00,Public Assistance Department,In Progress,English,No,False,public notice board missing near sainthamaruthu  bus stand
C0758,"Park swing broken near Sainthamaruthu 02, unsafe for children",Public,High,Sainthamaruthu 02,19,5/29/2026 13:00,Public Assistance Department,Resolved,English,Yes,False,park swing broken near sainthamaruthu  unsafe for children
C0759,Overflowing bin attracting stray animals near Kalmunaikudi 14 school,Waste,High,Kalmunaikudi 14,17,5/11/2026 15:00,Waste Collection & Recycling Unit,Pending,English,No,False,overflowing bin attracting stray animals near kalmunaikudi  school
C0760,Large pothole on main road near Chenaikudiyiruppu 01 causing accidents,Road,High,Chenaikudiyiruppu 01,8,6/9/2026 10:00,Public Works Division,In Progress,English,No,False,large pothole on main road near chenaikudiyiruppu  causing accidents
C0761,Property valuation for assessment tax in Kalmunaikudi 13 needs review,Billing,Low,Kalmunaikudi 13,17,7/21/2026 21:00,Assessment Department,Pending,English,Yes,False,property valuation for assessment tax in kalmunaikudi  needs review
C0762,Broken fence around Pandiruppu 02 public playground,Public,Medium,Pandiruppu 02,10,7/2/2026 22:00,Public Assistance Department,Resolved,English,Yes,True,broken fence around pandiruppu  public playground
C0763,Garbage bin damaged and waste scattered near Sainthamaruthu 11 bus stand,Waste,Medium,Sainthamaruthu 11,22,5/14/2026 07:00,Waste Collection & Recycling Unit,In Progress,English,No,False,garbage bin damaged and waste scattered near sainthamaruthu  bus stand
C0764,Discount for early rate settlement not applied for Sainthamaruthu 15 property,Billing,Low,Sainthamaruthu 15,22,6/11/2026 04:00,Assessment Department,Resolved,English,No,False,discount for early rate settlement not applied for sainthamaruthu  property
C0765,Boat parking area overcrowded near Kalmunaikudi 01 harbor,Boat,Low,Kalmunaikudi 01,12,7/10/2026 23:00,Boat Services Unit,Pending,English,Yes,False,boat parking area overcrowded near kalmunaikudi  harbor
C0766,Electric meter box left open near Natpiddimunai 02,Electrical,Medium,Natpiddimunai 02,9,6/25/2026 03:00,Street Lighting Unit,Pending,English,Yes,False,electric meter box left open near natpiddimunai
C0767,No lighting at Maruthamunai 06 boat launch area at night,Boat,Medium,Maruthamunai 06,5,6/21/2026 02:00,Boat Services Unit,Resolved,English,Yes,False,no lighting at maruthamunai  boat launch area at night
C0768,Broken pavement tiles near Kalmunaikudi 12 making walking unsafe,Road,Medium,Kalmunaikudi 12,16,7/12/2026 00:00,Public Works Division,Resolved,English,Yes,False,broken pavement tiles near kalmunaikudi  making walking unsafe
C0769,Irregular water supply schedule affecting Sainthamaruthu 16 residents,Water,Low,Sainthamaruthu 16,23,5/2/2026 01:00,National Water Supply & Drainage Board,In Progress,English,No,False,irregular water supply schedule affecting sainthamaruthu  residents
C0770,Request for new mooring space near Kalmunaikudi 11 fishing harbor,Boat,Low,Kalmunaikudi 11,16,7/17/2026 11:00,Boat Services Unit,In Progress,English,Yes,False,request for new mooring space near kalmunaikudi  fishing harbor
C0771,Uneven road surface near Natpiddymunai 01 causing vehicle damage,Road,High,Natpiddymunai 01,7,6/24/2026 17:00,Public Works Division,Resolved,English,No,False,uneven road surface near natpiddymunai  causing vehicle damage
C0772,Large pothole on main road near Sainthamaruthu 05 causing accidents,Road,High,Sainthamaruthu 05,21,7/18/2026 12:00,Public Works Division,Pending,English,Yes,False,large pothole on main road near sainthamaruthu  causing accidents
C0773,Waste collection truck has not visited Kalmunaikudi 10 this week,Waste,High,Kalmunaikudi 10,16,5/13/2026 20:00,Waste Collection & Recycling Unit,Pending,English,No,False,waste collection truck has not visited kalmunaikudi  this week
C0774,Uneven road surface near Natpiddimunai 01 causing vehicle damage,Road,High,Natpiddimunai 01,9,5/15/2026 16:00,Public Works Division,Pending,English,Yes,False,uneven road surface near natpiddimunai  causing vehicle damage
C0775,No lighting at Sainthamaruthu 16 boat launch area at night,Boat,Low,Sainthamaruthu 16,23,6/21/2026 04:00,Boat Services Unit,In Progress,English,Yes,False,no lighting at sainthamaruthu  boat launch area at night
C0776,Overflowing bin attracting stray animals near Maruthamunai 04 school,Waste,High,Maruthamunai 04,4,7/13/2026 02:00,Waste Collection & Recycling Unit,In Progress,English,No,False,overflowing bin attracting stray animals near maruthamunai  school
C0777,Property valuation for assessment tax in Chenaikudiyiruppu 01 needs review,Billing,Medium,Chenaikudiyiruppu 01,8,7/21/2026 17:00,Assessment Department,In Progress,English,Yes,False,property valuation for assessment tax in chenaikudiyiruppu  needs review
C0778,Broken public bench near Sainthamaruthu 06 park needs replacement,Public,Low,Sainthamaruthu 06,19,6/16/2026 05:00,Public Assistance Department,In Progress,English,Yes,False,broken public bench near sainthamaruthu  park needs replacement
C0779,Broken pavement tiles near Sainthamaruthu 12 making walking unsafe,Road,Low,Sainthamaruthu 12,20,6/7/2026 20:00,Public Works Division,Resolved,English,Yes,False,broken pavement tiles near sainthamaruthu  making walking unsafe
C0780,Damaged boat landing point near Pandiruppu 02 needs urgent repair,Boat,High,Pandiruppu 02,10,6/7/2026 02:00,Boat Services Unit,Pending,English,Yes,False,damaged boat landing point near pandiruppu  needs urgent repair
C0781,Public water fountain not working near Sainthamaruthu 08 park,Public,Low,Sainthamaruthu 08,20,7/21/2026 23:00,Public Assistance Department,Pending,English,Yes,False,public water fountain not working near sainthamaruthu  park
C0782,Business license fee dispute for trade stall in Sainthamaruthu 06,Billing,Medium,Sainthamaruthu 06,19,7/3/2026 12:00,Assessment Department,Pending,English,Yes,False,business license fee dispute for trade stall in sainthamaruthu
C0783,Discount for early rate settlement not applied for Sainthamaruthu 14 property,Billing,Low,Sainthamaruthu 14,23,6/20/2026 11:00,Assessment Department,Pending,English,No,False,discount for early rate settlement not applied for sainthamaruthu  property
C0784,Public restroom near Kalmunai 02 in poor hygienic condition,Public,Medium,Kalmunai 02,12,5/10/2026 11:00,Public Assistance Department,In Progress,English,No,True,public restroom near kalmunai  in poor hygienic condition
C0785,Water tank overflow reported near Kalmunaikudi 01 apartment complex,Water,Low,Kalmunaikudi 01,12,5/9/2026 22:00,National Water Supply & Drainage Board,Pending,English,Yes,True,water tank overflow reported near kalmunaikudi  apartment complex
C0786,"Waste bin lid broken, causing littering near Sainthamaruthu 07",Waste,Low,Sainthamaruthu 07,21,5/12/2026 15:00,Waste Collection & Recycling Unit,Pending,English,No,False,waste bin lid broken causing littering near sainthamaruthu
C0787,Water main valve leaking near Pandiruppu 01 intersection,Water,Medium,Pandiruppu 01,6,5/18/2026 22:00,National Water Supply & Drainage Board,In Progress,English,No,False,water main valve leaking near pandiruppu  intersection
C0788,No water supply in Natpiddimunai 01 area for two days,Water,High,Natpiddimunai 01,9,5/27/2026 20:00,National Water Supply & Drainage Board,In Progress,English,Yes,False,no water supply in natpiddimunai  area for two days
C0789,Late payment surcharge applied incorrectly on Natpiddimunai 01 property rates,Billing,Medium,Natpiddimunai 01,9,6/2/2026 07:00,Assessment Department,Pending,English,No,False,late payment surcharge applied incorrectly on natpiddimunai  property rates
C0790,Waste collection truck has not visited Sainthamaruthu 17 this week,Waste,Medium,Sainthamaruthu 17,23,6/29/2026 06:00,Waste Collection & Recycling Unit,Pending,English,Yes,False,waste collection truck has not visited sainthamaruthu  this week
C0791,Have not received assessment tax bill for Sainthamaruthu 06 property this quarter,Billing,Medium,Sainthamaruthu 06,19,7/2/2026 11:00,Assessment Department,Pending,English,No,False,have not received assessment tax bill for sainthamaruthu  property this quarter
C0792,Water tank overflow reported near Sainthamaruthu 10 apartment complex,Water,Medium,Sainthamaruthu 10,20,7/15/2026 11:00,National Water Supply & Drainage Board,Pending,English,Yes,False,water tank overflow reported near sainthamaruthu  apartment complex
C0793,Boat mooring point damaged near Kalmunaikudi 10 harbor,Boat,High,Kalmunaikudi 10,16,5/26/2026 20:00,Boat Services Unit,In Progress,English,No,False,boat mooring point damaged near kalmunaikudi  harbor
C0794,Storm drain clogged with debris near Kalmunaikudi 04 junction,Drainage,Medium,Kalmunaikudi 04,13,6/12/2026 08:00,Public Works Division,Pending,English,No,False,storm drain clogged with debris near kalmunaikudi  junction
C0795,Requesting rate remission for vacant property in Kalmunaikudi 13,Billing,Low,Kalmunaikudi 13,17,5/12/2026 18:00,Assessment Department,Pending,English,No,False,requesting rate remission for vacant property in kalmunaikudi
C0796,Litter accumulating in Sainthamaruthu 08 public park,Public,Low,Sainthamaruthu 08,20,6/5/2026 11:00,Public Assistance Department,Pending,English,No,False,litter accumulating in sainthamaruthu  public park
C0797,"Park swing broken near Kalmunaikudi 08, unsafe for children",Public,Medium,Kalmunaikudi 08,15,6/7/2026 07:00,Public Assistance Department,Pending,English,Yes,False,park swing broken near kalmunaikudi  unsafe for children
C0798,Damaged electrical pole leaning near Sainthamaruthu 09 road,Electrical,High,Sainthamaruthu 09,21,7/25/2026 22:00,Street Lighting Unit,Pending,English,No,False,damaged electrical pole leaning near sainthamaruthu  road
C0799,Boat license renewal fee dispute for vessel based in Pandiruppu 01,Boat,Medium,Pandiruppu 01,6,6/7/2026 17:00,Boat Services Unit,Pending,English,No,False,boat license renewal fee dispute for vessel based in pandiruppu
C0800,Irregular water supply schedule affecting Sainthamaruthu 06 residents,Water,Low,Sainthamaruthu 06,19,5/2/2026 14:00,National Water Supply & Drainage Board,Pending,English,No,False,irregular water supply schedule affecting sainthamaruthu  residents
C0801,Overflowing bin attracting stray animals near Maruthamunai 02 school,Waste,High,Maruthamunai 02,3,7/3/2026 11:00,Waste Collection & Recycling Unit,In Progress,English,Yes,False,overflowing bin attracting stray animals near maruthamunai  school
C0802,Storm damage to boat shelter near Pandiruppu 02 needs assessment,Boat,High,Pandiruppu 02,10,6/17/2026 11:00,Boat Services Unit,Pending,English,Yes,False,storm damage to boat shelter near pandiruppu  needs assessment
C0803,Garbage bags left uncollected on Sainthamaruthu 04 street corner,Waste,Medium,Sainthamaruthu 04,19,5/5/2026 20:00,Waste Collection & Recycling Unit,In Progress,English,Yes,False,garbage bags left uncollected on sainthamaruthu  street corner
C0804,Road crack widening near Kalmunaikudi 08 junction after recent rain,Road,Medium,Kalmunaikudi 08,15,5/12/2026 02:00,Public Works Division,In Progress,English,Yes,False,road crack widening near kalmunaikudi  junction after recent rain
C0805,Boat service counter closed during working hours at Sainthamaruthu 16,Boat,Medium,Sainthamaruthu 16,23,7/21/2026 03:00,Boat Services Unit,Pending,English,Yes,False,boat service counter closed during working hours at sainthamaruthu
C0806,Late payment surcharge applied incorrectly on Maruthamunai 06 property rates,Billing,High,Maruthamunai 06,5,7/17/2026 00:00,Assessment Department,In Progress,English,Yes,False,late payment surcharge applied incorrectly on maruthamunai  property rates
C0807,Street light not working near Sainthamaruthu 02 junction for a week,Electrical,Low,Sainthamaruthu 02,19,5/17/2026 07:00,Street Lighting Unit,Pending,English,Yes,False,street light not working near sainthamaruthu  junction for a week
C0808,Public water fountain not working near Natpiddymunai 01 park,Public,Low,Natpiddymunai 01,7,7/22/2026 06:00,Public Assistance Department,Resolved,English,Yes,False,public water fountain not working near natpiddymunai  park
C0809,Have not received assessment tax bill for Periyaneelavanai 02 property this quarter,Billing,Medium,Periyaneelavanai 02,2,7/8/2026 14:00,Assessment Department,Pending,English,Yes,False,have not received assessment tax bill for periyaneelavanai  property this quarter
C0810,Faded zebra crossing markings near Sainthamaruthu 09 school,Road,Low,Sainthamaruthu 09,21,7/2/2026 02:00,Public Works Division,In Progress,English,No,False,faded zebra crossing markings near sainthamaruthu  school
C0811,Speed bump damaged near Kalmunaikudi 07 residential entrance,Road,Low,Kalmunaikudi 07,14,5/18/2026 11:00,Public Works Division,Resolved,English,No,True,speed bump damaged near kalmunaikudi  residential entrance
C0812,Boat service counter closed during working hours at Maruthamunai 04,Boat,Medium,Maruthamunai 04,4,5/23/2026 21:00,Boat Services Unit,In Progress,English,Yes,True,boat service counter closed during working hours at maruthamunai
C0813,Exposed electrical wiring near Kalmunaikudi 12 poses safety hazard,Electrical,High,Kalmunaikudi 12,16,6/19/2026 06:00,Street Lighting Unit,In Progress,English,No,False,exposed electrical wiring near kalmunaikudi  poses safety hazard
C0814,Flickering street lights making Sainthamaruthu 14 road unsafe at night,Electrical,Medium,Sainthamaruthu 14,23,5/15/2026 11:00,Street Lighting Unit,Pending,English,Yes,False,flickering street lights making sainthamaruthu  road unsafe at night
C0815,Request for new mooring space near Natpiddymunai 02 fishing harbor,Boat,Low,Natpiddymunai 02,7,5/21/2026 08:00,Boat Services Unit,Resolved,English,Yes,False,request for new mooring space near natpiddymunai  fishing harbor
C0816,Overcharged on trade license renewal fee for shop in Kalmunai 03,Billing,Medium,Kalmunai 03,12,5/6/2026 02:00,Assessment Department,Resolved,English,Yes,False,overcharged on trade license renewal fee for shop in kalmunai
C0817,Drainage system overflowing near Sainthamaruthu 15 residential lane,Drainage,Medium,Sainthamaruthu 15,22,6/13/2026 04:00,Public Works Division,Pending,English,Yes,False,drainage system overflowing near sainthamaruthu  residential lane
C0818,Broken fence around Natpiddymunai 03 public playground,Public,Medium,Natpiddymunai 03,7,5/23/2026 02:00,Public Assistance Department,Resolved,English,Yes,False,broken fence around natpiddymunai  public playground
C0819,Low water pressure reported by residents in Sainthamaruthu 12,Water,Medium,Sainthamaruthu 12,20,6/26/2026 19:00,National Water Supply & Drainage Board,Pending,English,No,False,low water pressure reported by residents in sainthamaruthu
C0820,Boat mooring point damaged near Kalmunaikudi 06 harbor,Boat,High,Kalmunaikudi 06,14,5/14/2026 05:00,Boat Services Unit,Resolved,English,Yes,False,boat mooring point damaged near kalmunaikudi  harbor
C0821,Boat license renewal fee dispute for vessel based in Sainthamaruthu 05,Boat,Low,Sainthamaruthu 05,21,6/25/2026 05:00,Boat Services Unit,Pending,English,Yes,True,boat license renewal fee dispute for vessel based in sainthamaruthu
C0822,Waste collection truck has not visited Pandiruppu 01 this week,Waste,High,Pandiruppu 01,6,5/22/2026 08:00,Waste Collection & Recycling Unit,Pending,English,Yes,False,waste collection truck has not visited pandiruppu  this week
C0823,Road divider knocked down near Natpiddymunai 01 roundabout,Road,Medium,Natpiddymunai 01,7,6/23/2026 16:00,Public Works Division,In Progress,English,No,False,road divider knocked down near natpiddymunai  roundabout
C0824,Exposed electrical wiring near Kalmunaikudi 05 poses safety hazard,Electrical,High,Kalmunaikudi 05,14,7/21/2026 06:00,Street Lighting Unit,Pending,English,No,False,exposed electrical wiring near kalmunaikudi  poses safety hazard
C0825,Damaged boat landing point near Periyaneelavanai 01 needs urgent repair,Boat,High,Periyaneelavanai 01,1,6/26/2026 06:00,Boat Services Unit,In Progress,English,Yes,False,damaged boat landing point near periyaneelavanai  needs urgent repair
C0826,Broken street light cover near Pandiruppu 02 park,Electrical,Low,Pandiruppu 02,10,6/15/2026 16:00,Street Lighting Unit,Resolved,English,Yes,True,broken street light cover near pandiruppu  park
C0827,Illegal dumping of construction waste near Kalmunaikudi 12,Waste,Medium,Kalmunaikudi 12,16,6/18/2026 02:00,Waste Collection & Recycling Unit,In Progress,English,No,False,illegal dumping of construction waste near kalmunaikudi
C0828,Exposed electrical wiring near Kalmunaikudi 14 poses safety hazard,Electrical,High,Kalmunaikudi 14,17,6/4/2026 19:00,Street Lighting Unit,In Progress,English,Yes,False,exposed electrical wiring near kalmunaikudi  poses safety hazard
C0829,Missing road signage near Sainthamaruthu 06 intersection,Road,Medium,Sainthamaruthu 06,19,6/14/2026 14:00,Public Works Division,Pending,English,No,False,missing road signage near sainthamaruthu  intersection
C0830,Garbage bags left uncollected on Kalmunaikudi 08 street corner,Waste,Low,Kalmunaikudi 08,15,6/5/2026 23:00,Waste Collection & Recycling Unit,Resolved,English,Yes,False,garbage bags left uncollected on kalmunaikudi  street corner
C0831,Boat mooring point damaged near Sainthamaruthu 05 harbor,Boat,High,Sainthamaruthu 05,21,6/11/2026 08:00,Boat Services Unit,Resolved,English,Yes,True,boat mooring point damaged near sainthamaruthu  harbor
C0832,Road divider knocked down near Kalmunaikudi 13 roundabout,Road,Medium,Kalmunaikudi 13,17,6/2/2026 14:00,Public Works Division,Pending,English,No,False,road divider knocked down near kalmunaikudi  roundabout
C0833,Recycling bin missing near Sainthamaruthu 08 community center,Waste,Low,Sainthamaruthu 08,20,5/4/2026 23:00,Waste Collection & Recycling Unit,Pending,English,Yes,False,recycling bin missing near sainthamaruthu  community center
C0834,Litter accumulating in Natpiddymunai 02 public park,Public,Low,Natpiddymunai 02,7,5/14/2026 10:00,Public Assistance Department,In Progress,English,No,False,litter accumulating in natpiddymunai  public park
C0835,Playground equipment damaged near Kalmunaikudi 13 community park,Public,High,Kalmunaikudi 13,17,7/8/2026 05:00,Public Assistance Department,Pending,English,No,False,playground equipment damaged near kalmunaikudi  community park
C0836,Power outage reported frequently in Kalmunai 02 area,Electrical,Medium,Kalmunai 02,12,5/7/2026 03:00,Street Lighting Unit,Pending,English,No,False,power outage reported frequently in kalmunai  area
C0837,Litter accumulating in Kalmunaikudi 07 public park,Public,Low,Kalmunaikudi 07,14,7/5/2026 20:00,Public Assistance Department,Pending,English,Yes,False,litter accumulating in kalmunaikudi  public park
C0838,Broken pavement tiles near Sainthamaruthu 04 making walking unsafe,Road,Low,Sainthamaruthu 04,19,7/25/2026 17:00,Public Works Division,In Progress,English,No,False,broken pavement tiles near sainthamaruthu  making walking unsafe
C0839,Low water pressure reported by residents in Kalmunaikudi 08,Water,High,Kalmunaikudi 08,15,5/8/2026 11:00,National Water Supply & Drainage Board,Pending,English,Yes,False,low water pressure reported by residents in kalmunaikudi
C0840,No water supply in Natpiddimunai 02 area for two days,Water,Medium,Natpiddimunai 02,9,6/30/2026 21:00,National Water Supply & Drainage Board,Pending,English,Yes,False,no water supply in natpiddimunai  area for two days
C0841,Waste collection truck has not visited Kalmunaikudi 05 this week,Waste,Medium,Kalmunaikudi 05,14,6/13/2026 02:00,Waste Collection & Recycling Unit,Pending,English,Yes,False,waste collection truck has not visited kalmunaikudi  this week
C0842,Waste collection truck has not visited Natpiddymunai 03 this week,Waste,High,Natpiddymunai 03,7,7/2/2026 14:00,Waste Collection & Recycling Unit,Resolved,English,Yes,False,waste collection truck has not visited natpiddymunai  this week
C0843,Broken fence around Sainthamaruthu 02 public playground,Public,Medium,Sainthamaruthu 02,19,7/7/2026 15:00,Public Assistance Department,In Progress,English,Yes,False,broken fence around sainthamaruthu  public playground
C0844,Request for new mooring space near Kalmunai 01 fishing harbor,Boat,Low,Kalmunai 01,11,5/23/2026 00:00,Boat Services Unit,Resolved,English,Yes,False,request for new mooring space near kalmunai  fishing harbor
C0845,No lighting at Natpiddimunai 03 boat launch area at night,Boat,Medium,Natpiddimunai 03,9,5/17/2026 03:00,Boat Services Unit,Pending,English,Yes,False,no lighting at natpiddimunai  boat launch area at night
C0846,Slow drainage causing minor waterlogging near Natpiddimunai 03,Drainage,Low,Natpiddimunai 03,9,7/17/2026 03:00,Public Works Division,Pending,English,No,False,slow drainage causing minor waterlogging near natpiddimunai
C0847,Drainage system overflowing near Chenaikudiyiruppu 01 residential lane,Drainage,Medium,Chenaikudiyiruppu 01,8,6/5/2026 21:00,Public Works Division,Resolved,English,No,False,drainage system overflowing near chenaikudiyiruppu  residential lane
C0848,Blocked culvert causing water stagnation near Kalmunaikudi 14,Drainage,Medium,Kalmunaikudi 14,17,6/13/2026 12:00,Public Works Division,In Progress,English,No,False,blocked culvert causing water stagnation near kalmunaikudi
C0849,Slow drainage causing minor waterlogging near Kalmunai 01,Drainage,Medium,Kalmunai 01,11,6/14/2026 11:00,Public Works Division,Pending,English,No,False,slow drainage causing minor waterlogging near kalmunai
C0850,Public restroom near Periyaneelavanai 01 in poor hygienic condition,Public,Medium,Periyaneelavanai 01,1,5/29/2026 16:00,Public Assistance Department,Pending,English,Yes,False,public restroom near periyaneelavanai  in poor hygienic condition
C0851,Damaged boat landing point near Sainthamaruthu 13 needs urgent repair,Boat,High,Sainthamaruthu 13,22,7/28/2026 01:00,Boat Services Unit,In Progress,English,Yes,False,damaged boat landing point near sainthamaruthu  needs urgent repair
C0852,No lighting at Sainthamaruthu 09 boat launch area at night,Boat,High,Sainthamaruthu 09,21,5/12/2026 08:00,Boat Services Unit,Pending,English,Yes,False,no lighting at sainthamaruthu  boat launch area at night
C0853,Large pothole on main road near Kalmunaikudi 04 causing accidents,Road,High,Kalmunaikudi 04,13,6/29/2026 01:00,Public Works Division,Pending,English,Yes,False,large pothole on main road near kalmunaikudi  causing accidents
C0854,Broken street light cover near Kalmunaikudi 12 park,Electrical,Low,Kalmunaikudi 12,16,6/22/2026 06:00,Street Lighting Unit,Resolved,English,Yes,True,broken street light cover near kalmunaikudi  park
C0855,Fishing boat registration delayed at Kalmunaikudi 11 office,Boat,Low,Kalmunaikudi 11,16,5/6/2026 10:00,Boat Services Unit,Pending,English,No,False,fishing boat registration delayed at kalmunaikudi  office
C0856,Broken fence around Pandiruppu 02 public playground,Public,Medium,Pandiruppu 02,10,6/3/2026 11:00,Public Assistance Department,Pending,English,Yes,True,broken fence around pandiruppu  public playground
C0857,Public notice board missing near Kalmunaikudi 07 bus stand,Public,Low,Kalmunaikudi 07,14,6/10/2026 08:00,Public Assistance Department,Pending,English,No,False,public notice board missing near kalmunaikudi  bus stand
C0858,Damaged boat landing point near Natpiddymunai 01 needs urgent repair,Boat,High,Natpiddymunai 01,7,5/14/2026 13:00,Boat Services Unit,Resolved,English,Yes,False,damaged boat landing point near natpiddymunai  needs urgent repair
C0859,No water supply in Natpiddymunai 04 area for two days,Water,High,Natpiddymunai 04,7,7/30/2026 14:00,National Water Supply & Drainage Board,Resolved,English,Yes,False,no water supply in natpiddymunai  area for two days
C0860,Requesting rate remission for vacant property in Periyaneelavanai 01,Billing,Low,Periyaneelavanai 01,1,7/8/2026 22:00,Assessment Department,Resolved,English,Yes,False,requesting rate remission for vacant property in periyaneelavanai
C0861,Blocked culvert causing water stagnation near Natpiddymunai 02,Drainage,Medium,Natpiddymunai 02,7,5/30/2026 07:00,Public Works Division,Pending,English,Yes,False,blocked culvert causing water stagnation near natpiddymunai
C0862,Broken pavement tiles near Kalmunaikudi 14 making walking unsafe,Road,Low,Kalmunaikudi 14,17,5/30/2026 03:00,Public Works Division,Pending,English,No,False,broken pavement tiles near kalmunaikudi  making walking unsafe
C0863,Fishing boat registration delayed at Sainthamaruthu 06 office,Boat,Low,Sainthamaruthu 06,19,7/2/2026 14:00,Boat Services Unit,Pending,English,Yes,False,fishing boat registration delayed at sainthamaruthu  office
C0864,Street light not working near Maruthamunai 06 junction for a week,Electrical,Medium,Maruthamunai 06,5,6/5/2026 02:00,Street Lighting Unit,Pending,English,No,False,street light not working near maruthamunai  junction for a week
C0865,Boat service counter closed during working hours at Kalmunaikudi 06,Boat,Medium,Kalmunaikudi 06,14,5/12/2026 14:00,Boat Services Unit,In Progress,English,Yes,False,boat service counter closed during working hours at kalmunaikudi
C0866,Public water fountain not working near Sainthamaruthu 11 park,Public,Low,Sainthamaruthu 11,22,6/1/2026 00:00,Public Assistance Department,In Progress,English,Yes,False,public water fountain not working near sainthamaruthu  park
C0867,"Jetty in poor condition near Kalmunaikudi 01, unsafe for boarding",Boat,Medium,Kalmunaikudi 01,12,6/4/2026 13:00,Boat Services Unit,Pending,English,Yes,False,jetty in poor condition near kalmunaikudi  unsafe for boarding
C0868,Waste collection truck has not visited Natpiddimunai 03 this week,Waste,Medium,Natpiddimunai 03,9,5/18/2026 18:00,Waste Collection & Recycling Unit,Resolved,English,Yes,False,waste collection truck has not visited natpiddimunai  this week
C0869,Water main valve leaking near Sainthamaruthu 13 intersection,Water,Low,Sainthamaruthu 13,22,7/17/2026 15:00,National Water Supply & Drainage Board,Pending,English,Yes,False,water main valve leaking near sainthamaruthu  intersection
C0870,Uneven road surface near Sainthamaruthu 08 causing vehicle damage,Road,Medium,Sainthamaruthu 08,20,5/14/2026 22:00,Public Works Division,Pending,English,Yes,False,uneven road surface near sainthamaruthu  causing vehicle damage
C0871,Garbage bin damaged and waste scattered near Kalmunaikudi 12 bus stand,Waste,Medium,Kalmunaikudi 12,16,5/16/2026 19:00,Waste Collection & Recycling Unit,In Progress,English,Yes,False,garbage bin damaged and waste scattered near kalmunaikudi  bus stand
C0872,Low water pressure reported by residents in Pandiruppu 02,Water,Medium,Pandiruppu 02,10,7/6/2026 23:00,National Water Supply & Drainage Board,In Progress,English,No,False,low water pressure reported by residents in pandiruppu
C0873,Leaking water pipe wasting water near Kalmunaikudi 08 junction,Water,Medium,Kalmunaikudi 08,15,6/3/2026 19:00,National Water Supply & Drainage Board,Pending,English,Yes,True,leaking water pipe wasting water near kalmunaikudi  junction
C0874,Road caved in slightly near Pandiruppu 01 after water damage,Road,High,Pandiruppu 01,6,6/3/2026 05:00,Public Works Division,Resolved,English,No,False,road caved in slightly near pandiruppu  after water damage
C0875,Foul smell from blocked drain near Periyaneelavanai 02 market,Drainage,Medium,Periyaneelavanai 02,2,7/6/2026 19:00,Public Works Division,Pending,English,Yes,False,foul smell from blocked drain near periyaneelavanai  market
C0876,Damaged electrical pole leaning near Pandiruppu 01 road,Electrical,Medium,Pandiruppu 01,6,5/11/2026 20:00,Street Lighting Unit,Resolved,English,Yes,False,damaged electrical pole leaning near pandiruppu  road
C0877,Water leakage near Sainthamaruthu 14 school flooding the pavement,Water,Medium,Sainthamaruthu 14,23,7/4/2026 01:00,National Water Supply & Drainage Board,Pending,English,Yes,True,water leakage near sainthamaruthu  school flooding the pavement
C0878,Garbage bags left uncollected on Maruthamunai 06 street corner,Waste,Low,Maruthamunai 06,5,5/10/2026 08:00,Waste Collection & Recycling Unit,Pending,English,Yes,True,garbage bags left uncollected on maruthamunai  street corner
C0879,Water main valve leaking near Natpiddymunai 04 intersection,Water,Medium,Natpiddymunai 04,7,5/15/2026 03:00,National Water Supply & Drainage Board,Pending,English,No,True,water main valve leaking near natpiddymunai  intersection
C0880,Road divider knocked down near Kalmunaikudi 01 roundabout,Road,Medium,Kalmunaikudi 01,12,6/19/2026 00:00,Public Works Division,Resolved,English,No,False,road divider knocked down near kalmunaikudi  roundabout
C0881,"Water pipe burst near Sainthamaruthu 17 hospital, water gushing onto road",Water,High,Sainthamaruthu 17,23,5/28/2026 08:00,National Water Supply & Drainage Board,Pending,English,Yes,False,water pipe burst near sainthamaruthu  hospital water gushing onto road
C0882,Slow drainage causing minor waterlogging near Periyaneelavanai 01,Drainage,Low,Periyaneelavanai 01,1,7/8/2026 17:00,Public Works Division,Pending,English,Yes,False,slow drainage causing minor waterlogging near periyaneelavanai
C0883,No lighting at Sainthamaruthu 09 boat launch area at night,Boat,Medium,Sainthamaruthu 09,21,6/4/2026 10:00,Boat Services Unit,Pending,English,No,False,no lighting at sainthamaruthu  boat launch area at night
C0884,Property valuation for assessment tax in Natpiddymunai 04 needs review,Billing,Medium,Natpiddymunai 04,7,6/15/2026 05:00,Assessment Department,Pending,English,No,False,property valuation for assessment tax in natpiddymunai  needs review
C0885,Irregular water supply schedule affecting Pandiruppu 01 residents,Water,Low,Pandiruppu 01,6,5/8/2026 23:00,National Water Supply & Drainage Board,Pending,English,Yes,False,irregular water supply schedule affecting pandiruppu  residents
C0886,Damaged walking path in Maruthamunai 06 public garden,Public,Low,Maruthamunai 06,5,7/21/2026 15:00,Public Assistance Department,Pending,English,No,False,damaged walking path in maruthamunai  public garden
C0887,Boat license renewal fee dispute for vessel based in Kalmunaikudi 14,Boat,Low,Kalmunaikudi 14,17,7/26/2026 20:00,Boat Services Unit,Resolved,English,Yes,False,boat license renewal fee dispute for vessel based in kalmunaikudi
C0888,No lighting at Natpiddymunai 02 boat launch area at night,Boat,High,Natpiddymunai 02,7,6/20/2026 17:00,Boat Services Unit,In Progress,English,No,False,no lighting at natpiddymunai  boat launch area at night
C0889,"Water pipe burst near Pandiruppu 02 hospital, water gushing onto road",Water,High,Pandiruppu 02,10,7/26/2026 15:00,National Water Supply & Drainage Board,In Progress,English,No,False,water pipe burst near pandiruppu  hospital water gushing onto road
C0890,Open drain without cover poses safety risk near Kalmunaikudi 02,Drainage,High,Kalmunaikudi 02,13,5/12/2026 22:00,Public Works Division,Pending,English,No,False,open drain without cover poses safety risk near kalmunaikudi
C0891,Street light pole knocked down near Sainthamaruthu 11,Electrical,High,Sainthamaruthu 11,22,7/13/2026 10:00,Street Lighting Unit,In Progress,English,No,False,street light pole knocked down near sainthamaruthu
C0892,Late payment surcharge applied incorrectly on Kalmunaikudi 09 property rates,Billing,High,Kalmunaikudi 09,15,5/15/2026 07:00,Assessment Department,Resolved,English,No,False,late payment surcharge applied incorrectly on kalmunaikudi  property rates
C0893,Fishing boat registration delayed at Maruthamunai 06 office,Boat,Low,Maruthamunai 06,5,5/10/2026 16:00,Boat Services Unit,Pending,English,No,False,fishing boat registration delayed at maruthamunai  office
C0894,Uncollected waste piling up along the main road in Kalmunaikudi 10,Waste,High,Kalmunaikudi 10,16,5/15/2026 19:00,Waste Collection & Recycling Unit,Resolved,English,Yes,False,uncollected waste piling up along the main road in kalmunaikudi
C0895,Road divider knocked down near Sainthamaruthu 04 roundabout,Road,High,Sainthamaruthu 04,19,7/16/2026 23:00,Public Works Division,Pending,English,No,False,road divider knocked down near sainthamaruthu  roundabout
C0896,Boat license renewal fee dispute for vessel based in Natpiddimunai 03,Boat,Low,Natpiddimunai 03,9,7/23/2026 11:00,Boat Services Unit,Pending,English,Yes,False,boat license renewal fee dispute for vessel based in natpiddimunai
C0897,Garbage overflowing near Kalmunaikudi 06 market for the past three days,Waste,High,Kalmunaikudi 06,14,6/12/2026 23:00,Waste Collection & Recycling Unit,Pending,English,Yes,False,garbage overflowing near kalmunaikudi  market for the past three days
C0898,Boat mooring point damaged near Maruthamunai 01 harbor,Boat,Low,Maruthamunai 01,3,5/16/2026 22:00,Boat Services Unit,In Progress,English,No,False,boat mooring point damaged near maruthamunai  harbor
C0899,Boat parking area overcrowded near Pandiruppu 01 harbor,Boat,Low,Pandiruppu 01,6,6/17/2026 15:00,Boat Services Unit,Pending,English,No,False,boat parking area overcrowded near pandiruppu  harbor
C0900,Request for new mooring space near Kalmunaikudi 14 fishing harbor,Boat,Low,Kalmunaikudi 14,17,6/6/2026 16:00,Boat Services Unit,Pending,English,Yes,False,request for new mooring space near kalmunaikudi  fishing harbor
C0901,Public notice board missing near Kalmunai 02 bus stand,Public,Medium,Kalmunai 02,12,7/18/2026 14:00,Public Assistance Department,In Progress,English,Yes,False,public notice board missing near kalmunai  bus stand
C0902,Overflowing bin attracting stray animals near Kalmunaikudi 03 school,Waste,Medium,Kalmunaikudi 03,13,7/4/2026 04:00,Waste Collection & Recycling Unit,Pending,English,Yes,False,overflowing bin attracting stray animals near kalmunaikudi  school
C0903,Power outage reported frequently in Chenaikudiyiruppu 01 area,Electrical,Medium,Chenaikudiyiruppu 01,8,5/30/2026 14:00,Street Lighting Unit,In Progress,English,No,False,power outage reported frequently in chenaikudiyiruppu  area
C0904,Water meter reading appears incorrect for Natpiddymunai 01 household,Water,Medium,Natpiddymunai 01,7,6/25/2026 03:00,National Water Supply & Drainage Board,Pending,English,Yes,False,water meter reading appears incorrect for natpiddymunai  household
C0905,Overcharged on trade license renewal fee for shop in Periyaneelavanai 02,Billing,Medium,Periyaneelavanai 02,2,6/7/2026 21:00,Assessment Department,In Progress,English,No,False,overcharged on trade license renewal fee for shop in periyaneelavanai
C0906,Vandalized public signage near Maruthamunai 05 market,Public,Low,Maruthamunai 05,5,6/18/2026 19:00,Public Assistance Department,Pending,English,No,False,vandalized public signage near maruthamunai  market
C0907,Public restroom near Sainthamaruthu 04 in poor hygienic condition,Public,Medium,Sainthamaruthu 04,19,7/16/2026 10:00,Public Assistance Department,Resolved,English,Yes,False,public restroom near sainthamaruthu  in poor hygienic condition
C0908,Irregular water supply schedule affecting Natpiddymunai 04 residents,Water,Low,Natpiddymunai 04,7,5/22/2026 22:00,National Water Supply & Drainage Board,Pending,English,No,False,irregular water supply schedule affecting natpiddymunai  residents
C0909,Water main valve leaking near Maruthamunai 05 intersection,Water,Medium,Maruthamunai 05,5,6/11/2026 11:00,National Water Supply & Drainage Board,Pending,English,No,False,water main valve leaking near maruthamunai  intersection
C0910,Transformer making loud noise near Sainthamaruthu 15 residential zone,Electrical,High,Sainthamaruthu 15,22,7/4/2026 09:00,Street Lighting Unit,In Progress,English,Yes,False,transformer making loud noise near sainthamaruthu  residential zone
C0911,Playground equipment damaged near Kalmunaikudi 05 community park,Public,Medium,Kalmunaikudi 05,14,5/18/2026 12:00,Public Assistance Department,In Progress,English,Yes,False,playground equipment damaged near kalmunaikudi  community park
C0912,Recycling bin missing near Natpiddymunai 02 community center,Waste,Low,Natpiddymunai 02,7,6/15/2026 08:00,Waste Collection & Recycling Unit,Pending,English,No,False,recycling bin missing near natpiddymunai  community center
C0913,Speed bump damaged near Sainthamaruthu 16 residential entrance,Road,Low,Sainthamaruthu 16,23,6/30/2026 20:00,Public Works Division,In Progress,English,Yes,False,speed bump damaged near sainthamaruthu  residential entrance
C0914,Recycling bin missing near Natpiddymunai 03 community center,Waste,Low,Natpiddymunai 03,7,5/30/2026 03:00,Waste Collection & Recycling Unit,Pending,English,Yes,False,recycling bin missing near natpiddymunai  community center
C0915,Property valuation for assessment tax in Kalmunai 02 needs review,Billing,Medium,Kalmunai 02,12,5/26/2026 22:00,Assessment Department,Resolved,English,No,False,property valuation for assessment tax in kalmunai  needs review
C0916,Damaged road surface near Natpiddimunai 01 making travel difficult,Road,Medium,Natpiddimunai 01,9,5/3/2026 16:00,Public Works Division,Pending,English,Yes,False,damaged road surface near natpiddimunai  making travel difficult
C0917,Damaged electrical pole leaning near Kalmunaikudi 08 road,Electrical,High,Kalmunaikudi 08,15,5/20/2026 14:00,Street Lighting Unit,Resolved,English,Yes,False,damaged electrical pole leaning near kalmunaikudi  road
C0918,Foul smell from blocked drain near Pandiruppu 01 market,Drainage,High,Pandiruppu 01,6,7/2/2026 13:00,Public Works Division,In Progress,English,Yes,False,foul smell from blocked drain near pandiruppu  market
C0919,Garbage bags left uncollected on Sainthamaruthu 15 street corner,Waste,Medium,Sainthamaruthu 15,22,7/24/2026 04:00,Waste Collection & Recycling Unit,Resolved,English,Yes,False,garbage bags left uncollected on sainthamaruthu  street corner
C0920,Leaking water pipe wasting water near Kalmunaikudi 02 junction,Water,Medium,Kalmunaikudi 02,13,7/21/2026 19:00,National Water Supply & Drainage Board,Resolved,English,Yes,False,leaking water pipe wasting water near kalmunaikudi  junction
C0921,Blocked culvert causing water stagnation near Maruthamunai 06,Drainage,Medium,Maruthamunai 06,5,6/26/2026 08:00,Public Works Division,Pending,English,Yes,False,blocked culvert causing water stagnation near maruthamunai
C0922,Broken pavement tiles near Maruthamunai 04 making walking unsafe,Road,Low,Maruthamunai 04,4,6/26/2026 17:00,Public Works Division,Pending,English,No,False,broken pavement tiles near maruthamunai  making walking unsafe
C0923,Certificate of ownership request delayed for property in Kalmunaikudi 06,Billing,Low,Kalmunaikudi 06,14,6/9/2026 15:00,Assessment Department,Pending,English,Yes,False,certificate of ownership request delayed for property in kalmunaikudi
C0924,Road divider knocked down near Maruthamunai 02 roundabout,Road,Medium,Maruthamunai 02,3,6/11/2026 03:00,Public Works Division,Pending,English,No,False,road divider knocked down near maruthamunai  roundabout
C0925,Boat license renewal fee dispute for vessel based in Natpiddimunai 02,Boat,Low,Natpiddimunai 02,9,7/19/2026 17:00,Boat Services Unit,Resolved,English,Yes,False,boat license renewal fee dispute for vessel based in natpiddimunai
C0926,Large pothole on main road near Sainthamaruthu 06 causing accidents,Road,High,Sainthamaruthu 06,19,7/31/2026 08:00,Public Works Division,In Progress,English,No,False,large pothole on main road near sainthamaruthu  causing accidents
C0927,Bad smell from uncollected garbage near Natpiddimunai 01 residential area,Waste,Medium,Natpiddimunai 01,9,7/18/2026 20:00,Waste Collection & Recycling Unit,Pending,English,No,False,bad smell from uncollected garbage near natpiddimunai  residential area
C0928,Irregular water supply schedule affecting Chenaikudiyiruppu 01 residents,Water,Low,Chenaikudiyiruppu 01,8,7/29/2026 02:00,National Water Supply & Drainage Board,Pending,English,No,False,irregular water supply schedule affecting chenaikudiyiruppu  residents
C0929,Uneven road surface near Maruthamunai 04 causing vehicle damage,Road,Medium,Maruthamunai 04,4,5/16/2026 13:00,Public Works Division,In Progress,English,Yes,False,uneven road surface near maruthamunai  causing vehicle damage
C0930,No lighting at Sainthamaruthu 16 boat launch area at night,Boat,Medium,Sainthamaruthu 16,23,7/19/2026 22:00,Boat Services Unit,Pending,English,Yes,False,no lighting at sainthamaruthu  boat launch area at night
C0931,Request for new mooring space near Sainthamaruthu 12 fishing harbor,Boat,Low,Sainthamaruthu 12,20,7/19/2026 15:00,Boat Services Unit,In Progress,English,No,False,request for new mooring space near sainthamaruthu  fishing harbor
C0932,No water supply in Sainthamaruthu 09 area for two days,Water,High,Sainthamaruthu 09,21,6/23/2026 04:00,National Water Supply & Drainage Board,Pending,English,Yes,False,no water supply in sainthamaruthu  area for two days
C0933,Damaged walking path in Sainthamaruthu 09 public garden,Public,Medium,Sainthamaruthu 09,21,7/16/2026 19:00,Public Assistance Department,Pending,English,No,False,damaged walking path in sainthamaruthu  public garden
C0934,"Drain blocked after heavy rain near Kalmunaikudi 04, causing flooding",Drainage,Medium,Kalmunaikudi 04,13,5/25/2026 05:00,Public Works Division,Pending,English,No,False,drain blocked after heavy rain near kalmunaikudi  causing flooding
C0935,Cracked drain pipe near Sainthamaruthu 08 needs repair,Drainage,Low,Sainthamaruthu 08,20,5/13/2026 23:00,Public Works Division,Resolved,English,Yes,False,cracked drain pipe near sainthamaruthu  needs repair
C0936,Damaged road surface near Sainthamaruthu 08 making travel difficult,Road,Medium,Sainthamaruthu 08,20,6/5/2026 16:00,Public Works Division,Pending,English,Yes,False,damaged road surface near sainthamaruthu  making travel difficult
C0937,Standing water in drain breeding mosquitoes near Kalmunaikudi 03,Drainage,High,Kalmunaikudi 03,13,7/29/2026 15:00,Public Works Division,Resolved,English,Yes,False,standing water in drain breeding mosquitoes near kalmunaikudi
C0938,Exposed electrical wiring near Kalmunaikudi 08 poses safety hazard,Electrical,Medium,Kalmunaikudi 08,15,6/11/2026 15:00,Street Lighting Unit,In Progress,English,Yes,False,exposed electrical wiring near kalmunaikudi  poses safety hazard
C0939,Damaged road surface near Maruthamunai 04 making travel difficult,Road,Medium,Maruthamunai 04,4,6/21/2026 01:00,Public Works Division,Pending,English,No,True,damaged road surface near maruthamunai  making travel difficult
C0940,Discount for early rate settlement not applied for Sainthamaruthu 17 property,Billing,Low,Sainthamaruthu 17,23,7/23/2026 16:00,Assessment Department,Pending,English,No,False,discount for early rate settlement not applied for sainthamaruthu  property
C0941,Uneven road surface near Sainthamaruthu 12 causing vehicle damage,Road,Medium,Sainthamaruthu 12,20,7/20/2026 00:00,Public Works Division,Pending,English,No,False,uneven road surface near sainthamaruthu  causing vehicle damage
C0942,Missing road signage near Kalmunaikudi 05 intersection,Road,Low,Kalmunaikudi 05,14,5/23/2026 20:00,Public Works Division,In Progress,English,Yes,False,missing road signage near kalmunaikudi  intersection
C0943,Boat license renewal fee dispute for vessel based in Kalmunaikudi 02,Boat,Low,Kalmunaikudi 02,13,7/24/2026 14:00,Boat Services Unit,In Progress,English,Yes,False,boat license renewal fee dispute for vessel based in kalmunaikudi
C0944,Broken fence around Sainthamaruthu 08 public playground,Public,Low,Sainthamaruthu 08,20,5/8/2026 02:00,Public Assistance Department,Pending,English,Yes,False,broken fence around sainthamaruthu  public playground
C0945,Irregular water supply schedule affecting Maruthamunai 02 residents,Water,Medium,Maruthamunai 02,3,6/28/2026 20:00,National Water Supply & Drainage Board,Resolved,English,Yes,False,irregular water supply schedule affecting maruthamunai  residents
C0946,Garbage overflowing near Natpiddimunai 01 market for the past three days,Waste,High,Natpiddimunai 01,9,5/13/2026 20:00,Waste Collection & Recycling Unit,Pending,English,No,False,garbage overflowing near natpiddimunai  market for the past three days
C0947,"Waste bin lid broken, causing littering near Natpiddymunai 02",Waste,Low,Natpiddymunai 02,7,5/13/2026 19:00,Waste Collection & Recycling Unit,Pending,English,No,False,waste bin lid broken causing littering near natpiddymunai
C0948,Water meter reading appears incorrect for Sainthamaruthu 10 household,Water,Low,Sainthamaruthu 10,20,5/13/2026 09:00,National Water Supply & Drainage Board,Pending,English,Yes,True,water meter reading appears incorrect for sainthamaruthu  household
C0949,Damaged boat landing point near Sainthamaruthu 12 needs urgent repair,Boat,High,Sainthamaruthu 12,20,7/20/2026 13:00,Boat Services Unit,Pending,English,No,False,damaged boat landing point near sainthamaruthu  needs urgent repair
C0950,Speed bump damaged near Kalmunai 02 residential entrance,Road,Low,Kalmunai 02,12,5/15/2026 16:00,Public Works Division,Pending,English,No,False,speed bump damaged near kalmunai  residential entrance
C0951,Boat mooring point damaged near Natpiddymunai 03 harbor,Boat,High,Natpiddymunai 03,7,7/8/2026 13:00,Boat Services Unit,Pending,English,Yes,False,boat mooring point damaged near natpiddymunai  harbor
C0952,Boat parking area overcrowded near Maruthamunai 06 harbor,Boat,Low,Maruthamunai 06,5,7/8/2026 20:00,Boat Services Unit,Resolved,English,Yes,False,boat parking area overcrowded near maruthamunai  harbor
C0953,Request for new mooring space near Kalmunaikudi 10 fishing harbor,Boat,Medium,Kalmunaikudi 10,16,5/20/2026 18:00,Boat Services Unit,In Progress,English,Yes,False,request for new mooring space near kalmunaikudi  fishing harbor
C0954,Damaged road surface near Natpiddymunai 01 making travel difficult,Road,Medium,Natpiddymunai 01,7,5/21/2026 14:00,Public Works Division,In Progress,English,No,False,damaged road surface near natpiddymunai  making travel difficult
C0955,Recycling bin missing near Sainthamaruthu 14 community center,Waste,Low,Sainthamaruthu 14,23,7/5/2026 17:00,Waste Collection & Recycling Unit,Pending,English,Yes,False,recycling bin missing near sainthamaruthu  community center
C0956,Water meter reading appears incorrect for Periyaneelavanai 02 household,Water,Low,Periyaneelavanai 02,2,7/30/2026 05:00,National Water Supply & Drainage Board,Resolved,English,Yes,False,water meter reading appears incorrect for periyaneelavanai  household
C0957,Water meter reading appears incorrect for Pandiruppu 02 household,Water,Medium,Pandiruppu 02,10,7/1/2026 00:00,National Water Supply & Drainage Board,Pending,English,No,False,water meter reading appears incorrect for pandiruppu  household
C0958,Road divider knocked down near Sainthamaruthu 07 roundabout,Road,High,Sainthamaruthu 07,21,6/1/2026 13:00,Public Works Division,Resolved,English,No,False,road divider knocked down near sainthamaruthu  roundabout
C0959,Blocked culvert causing water stagnation near Maruthamunai 02,Drainage,Medium,Maruthamunai 02,3,6/23/2026 02:00,Public Works Division,Pending,English,No,False,blocked culvert causing water stagnation near maruthamunai
C0960,Requesting rate remission for vacant property in Kalmunaikudi 04,Billing,Low,Kalmunaikudi 04,13,5/2/2026 23:00,Assessment Department,Pending,English,No,False,requesting rate remission for vacant property in kalmunaikudi
C0961,Street light flickering continuously near Kalmunaikudi 03 station,Electrical,Low,Kalmunaikudi 03,13,5/12/2026 17:00,Street Lighting Unit,Pending,English,No,False,street light flickering continuously near kalmunaikudi  station
C0962,Broken pavement tiles near Sainthamaruthu 16 making walking unsafe,Road,Low,Sainthamaruthu 16,23,5/13/2026 17:00,Public Works Division,In Progress,English,Yes,False,broken pavement tiles near sainthamaruthu  making walking unsafe
C0963,"Park swing broken near Kalmunaikudi 02, unsafe for children",Public,Medium,Kalmunaikudi 02,13,6/24/2026 16:00,Public Assistance Department,Pending,English,No,False,park swing broken near kalmunaikudi  unsafe for children
C0964,Requesting rate remission for vacant property in Sainthamaruthu 13,Billing,Low,Sainthamaruthu 13,22,5/10/2026 00:00,Assessment Department,Pending,English,Yes,False,requesting rate remission for vacant property in sainthamaruthu
C0965,Recycling bin missing near Kalmunai 03 community center,Waste,Low,Kalmunai 03,12,7/30/2026 08:00,Waste Collection & Recycling Unit,In Progress,English,No,False,recycling bin missing near kalmunai  community center
C0966,Storm damage to boat shelter near Sainthamaruthu 05 needs assessment,Boat,High,Sainthamaruthu 05,21,7/17/2026 19:00,Boat Services Unit,Pending,English,Yes,False,storm damage to boat shelter near sainthamaruthu  needs assessment
C0967,Damaged boat landing point near Pandiruppu 02 needs urgent repair,Boat,High,Pandiruppu 02,10,6/11/2026 12:00,Boat Services Unit,In Progress,English,Yes,False,damaged boat landing point near pandiruppu  needs urgent repair
C0968,Road divider knocked down near Maruthamunai 02 roundabout,Road,Medium,Maruthamunai 02,3,6/10/2026 02:00,Public Works Division,Resolved,English,Yes,False,road divider knocked down near maruthamunai  roundabout
C0969,Water tank overflow reported near Sainthamaruthu 07 apartment complex,Water,Medium,Sainthamaruthu 07,21,7/14/2026 15:00,National Water Supply & Drainage Board,In Progress,English,Yes,False,water tank overflow reported near sainthamaruthu  apartment complex
C0970,Uncollected waste piling up along the main road in Sainthamaruthu 12,Waste,High,Sainthamaruthu 12,20,5/9/2026 02:00,Waste Collection & Recycling Unit,Pending,English,Yes,False,uncollected waste piling up along the main road in sainthamaruthu
C0971,Overcharged on trade license renewal fee for shop in Kalmunai 02,Billing,Medium,Kalmunai 02,12,5/26/2026 17:00,Assessment Department,Pending,English,No,False,overcharged on trade license renewal fee for shop in kalmunai
C0972,Public restroom near Natpiddymunai 04 in poor hygienic condition,Public,Low,Natpiddymunai 04,7,5/11/2026 07:00,Public Assistance Department,In Progress,English,No,False,public restroom near natpiddymunai  in poor hygienic condition
C0973,Stamp duty payment receipt not issued for transaction in Periyaneelavanai 02,Billing,Medium,Periyaneelavanai 02,2,7/7/2026 04:00,Assessment Department,Pending,English,Yes,False,stamp duty payment receipt not issued for transaction in periyaneelavanai
C0974,Business license fee dispute for trade stall in Sainthamaruthu 11,Billing,Medium,Sainthamaruthu 11,22,7/5/2026 10:00,Assessment Department,In Progress,English,No,False,business license fee dispute for trade stall in sainthamaruthu
C0975,Overcharged on trade license renewal fee for shop in Maruthamunai 04,Billing,High,Maruthamunai 04,4,5/19/2026 06:00,Assessment Department,Pending,English,Yes,True,overcharged on trade license renewal fee for shop in maruthamunai
C0976,Bad smell from uncollected garbage near Kalmunaikudi 09 residential area,Waste,Medium,Kalmunaikudi 09,15,7/16/2026 16:00,Waste Collection & Recycling Unit,In Progress,English,Yes,False,bad smell from uncollected garbage near kalmunaikudi  residential area
C0977,Exposed electrical wiring near Kalmunai 01 poses safety hazard,Electrical,High,Kalmunai 01,11,7/27/2026 14:00,Street Lighting Unit,Pending,English,Yes,False,exposed electrical wiring near kalmunai  poses safety hazard
C0978,Drain cover missing near Kalmunaikudi 10 pedestrian crossing,Drainage,High,Kalmunaikudi 10,16,6/25/2026 06:00,Public Works Division,Resolved,English,No,False,drain cover missing near kalmunaikudi  pedestrian crossing
C0979,Assessment tax amount for my Kalmunai 03 property seems incorrectly calculated,Billing,High,Kalmunai 03,12,7/22/2026 09:00,Assessment Department,In Progress,English,No,False,assessment tax amount for my kalmunai  property seems incorrectly calculated
C0980,Boat service counter closed during working hours at Sainthamaruthu 03,Boat,Medium,Sainthamaruthu 03,18,6/19/2026 20:00,Boat Services Unit,Resolved,English,Yes,False,boat service counter closed during working hours at sainthamaruthu
C0981,Boat license renewal fee dispute for vessel based in Sainthamaruthu 10,Boat,Medium,Sainthamaruthu 10,20,5/27/2026 00:00,Boat Services Unit,Pending,English,No,False,boat license renewal fee dispute for vessel based in sainthamaruthu
C0982,Discount for early rate settlement not applied for Maruthamunai 06 property,Billing,Low,Maruthamunai 06,5,5/3/2026 00:00,Assessment Department,Resolved,English,Yes,False,discount for early rate settlement not applied for maruthamunai  property
C0983,Foul smell from blocked drain near Sainthamaruthu 11 market,Drainage,Low,Sainthamaruthu 11,22,7/28/2026 06:00,Public Works Division,Pending,English,Yes,False,foul smell from blocked drain near sainthamaruthu  market
C0984,Vandalized public signage near Sainthamaruthu 10 market,Public,Low,Sainthamaruthu 10,20,6/10/2026 11:00,Public Assistance Department,Pending,English,Yes,False,vandalized public signage near sainthamaruthu  market
C0985,Damaged walking path in Sainthamaruthu 16 public garden,Public,Low,Sainthamaruthu 16,23,5/9/2026 08:00,Public Assistance Department,Pending,English,Yes,False,damaged walking path in sainthamaruthu  public garden
C0986,"Jetty in poor condition near Natpiddymunai 02, unsafe for boarding",Boat,Medium,Natpiddymunai 02,7,6/17/2026 22:00,Boat Services Unit,In Progress,English,Yes,False,jetty in poor condition near natpiddymunai  unsafe for boarding
C0987,Missing road signage near Natpiddymunai 04 intersection,Road,Medium,Natpiddymunai 04,7,7/5/2026 17:00,Public Works Division,Resolved,English,Yes,False,missing road signage near natpiddymunai  intersection
C0988,Drainage system overflowing near Sainthamaruthu 17 residential lane,Drainage,High,Sainthamaruthu 17,23,5/12/2026 01:00,Public Works Division,Pending,English,No,False,drainage system overflowing near sainthamaruthu  residential lane
C0989,Exposed electrical wiring near Kalmunaikudi 14 poses safety hazard,Electrical,Medium,Kalmunaikudi 14,17,5/5/2026 12:00,Street Lighting Unit,Pending,English,Yes,False,exposed electrical wiring near kalmunaikudi  poses safety hazard
C0990,Damaged road surface near Sainthamaruthu 09 making travel difficult,Road,Medium,Sainthamaruthu 09,21,7/31/2026 20:00,Public Works Division,In Progress,English,Yes,False,damaged road surface near sainthamaruthu  making travel difficult
C0991,Request for new mooring space near Sainthamaruthu 13 fishing harbor,Boat,Medium,Sainthamaruthu 13,22,7/31/2026 23:00,Boat Services Unit,Pending,English,No,False,request for new mooring space near sainthamaruthu  fishing harbor
C0992,Irregular water supply schedule affecting Maruthamunai 01 residents,Water,Low,Maruthamunai 01,3,6/5/2026 02:00,National Water Supply & Drainage Board,Pending,English,Yes,False,irregular water supply schedule affecting maruthamunai  residents
C0993,Foul smell from blocked drain near Sainthamaruthu 10 market,Drainage,Medium,Sainthamaruthu 10,20,7/2/2026 19:00,Public Works Division,Pending,English,No,False,foul smell from blocked drain near sainthamaruthu  market
C0994,Litter accumulating in Sainthamaruthu 17 public park,Public,Medium,Sainthamaruthu 17,23,7/14/2026 15:00,Public Assistance Department,In Progress,English,Yes,False,litter accumulating in sainthamaruthu  public park
C0995,Bad smell from uncollected garbage near Sainthamaruthu 16 residential area,Waste,Medium,Sainthamaruthu 16,23,7/9/2026 10:00,Waste Collection & Recycling Unit,Pending,English,Yes,False,bad smell from uncollected garbage near sainthamaruthu  residential area
C0996,Late payment surcharge applied incorrectly on Sainthamaruthu 05 property rates,Billing,High,Sainthamaruthu 05,21,5/23/2026 03:00,Assessment Department,Pending,English,No,False,late payment surcharge applied incorrectly on sainthamaruthu  property rates
C0997,Standing water in drain breeding mosquitoes near Kalmunaikudi 05,Drainage,High,Kalmunaikudi 05,14,7/6/2026 05:00,Public Works Division,Resolved,English,No,False,standing water in drain breeding mosquitoes near kalmunaikudi
C0998,Broken public bench near Kalmunaikudi 07 park needs replacement,Public,Medium,Kalmunaikudi 07,14,5/9/2026 05:00,Public Assistance Department,Pending,English,No,False,broken public bench near kalmunaikudi  park needs replacement
C0999,Litter accumulating in Kalmunaikudi 04 public park,Public,Low,Kalmunaikudi 04,13,7/4/2026 02:00,Public Assistance Department,Pending,English,Yes,False,litter accumulating in kalmunaikudi  public park
C1000,Cracked drain pipe near Maruthamunai 02 needs repair,Drainage,Low,Maruthamunai 02,3,5/29/2026 17:00,Public Works Division,Resolved,English,No,False,cracked drain pipe near maruthamunai  needs repair
